engine_version,strategy_mode,config,total_trades,wins,losses,win_rate_pct,total_pl,final_equity,return_pct,max_dd_pct,pl_per_trade,score,db_path,risk_pct,sl_atr_mult,rr,avg_sl_pips,avg_tp_pips,daily_max_losses
v2_backtest_atr_adx,FULL,FULL_R0.01_ATR1.0_RR1.5_DL1,150106,2319,22921,1.54,-121797.14,-111797.14,-1217.97,1217.97,-0.8114,-1.0,,0.01,1.0,1.5,4.48,6.73,1
v2_backtest_atr_adx,FULL,FULL_R0.01_ATR1.0_RR1.5_DL2,57445,790,7454,1.38,-10236.2,-236.2,-102.36,102.36,-0.1782,-1.0,,0.01,1.0,1.5,5.09,7.64,2
v2_backtest_atr_adx,FULL,FULL_R0.01_ATR1.0_RR1.5_DL3,31188,311,2836,1.0,-10067.71,-67.71,-100.68,100.68,-0.3228,-1.0,,0.01,1.0,1.5,5.16,7.75,3
v2_backtest_atr_adx,FULL,FULL_R0.01_ATR1.0_RR1.75_DL1,152322,1529,23029,1.0,-128457.54,-118457.54,-1284.58,1284.58,-0.8433,-1.0,,0.01,1.0,1.75,4.5,7.88,1
v2_backtest_atr_adx,FULL,FULL_R0.01_ATR1.0_RR1.75_DL2,58045,531,7573,0.91,-10251.21,-251.21,-102.51,102.51,-0.1766,-1.0,,0.01,1.0,1.75,5.08,8.89,2
v2_backtest_atr_adx,FULL,FULL_R0.01_ATR1.0_RR1.75_DL3,31430,225,2936,0.72,-10074.41,-74.41,-100.74,100.74,-0.3205,-1.0,,0.01,1.0,1.75,5.11,8.95,3
v2_backtest_atr_adx,FULL,FULL_R0.01_ATR1.0_RR2.0_DL1,153192,1085,23284,0.71,-131651.6,-121651.6,-1316.52,1316.27,-0.8594,-1.0002,,0.01,1.0,2.0,4.49,8.98,1
v2_backtest_atr_adx,FULL,FULL_R0.01_ATR1.0_RR2.0_DL2,58577,391,7731,0.67,-10266.13,-266.13,-102.66,102.66,-0.1753,-1.0,,0.01,1.0,2.0,5.07,10.15,2
v2_backtest_atr_adx,FULL,FULL_R0.01_ATR1.0_RR2.0_DL3,31942,164,2989,0.51,-10082.63,-82.63,-100.83,100.83,-0.3157,-1.0,,0.01,1.0,2.0,5.12,10.24,3
v2_backtest_atr_adx,FULL,FULL_R0.01_ATR1.0_RR2.5_DL1,153640,624,24199,0.41,-336540.9,-326540.9,-3365.41,3365.41,-2.1905,-1.0,,0.01,1.0,2.5,4.32,10.81,1
v2_backtest_atr_adx,FULL,FULL_R0.01_ATR1.0_RR2.5_DL2,59520,233,7945,0.39,-10288.67,-288.66,-102.89,102.89,-0.1729,-1.0,,0.01,1.0,2.5,4.98,12.46,2
v2_backtest_atr_adx,FULL,FULL_R0.01_ATR1.0_RR2.5_DL3,32580,92,3018,0.28,-10089.78,-89.78,-100.9,100.9,-0.3097,-1.0,,0.01,1.0,2.5,5.24,13.11,3
v2_backtest_atr_adx,FULL,FULL_R0.01_ATR1.0_RR3.0_DL1,154089,369,23849,0.24,-347099.68,-337099.68,-3471.0,3471.0,-2.2526,-1.0,,0.01,1.0,3.0,4.34,13.04,1
v2_backtest_atr_adx,FULL,FULL_R0.01_ATR1.0_RR3.0_DL2,59195,138,8003,0.23,-10296.5,-296.5,-102.96,102.96,-0.1739,-1.0,,0.01,1.0,3.0,4.8,14.39,2
v2_backtest_atr_adx,FULL,FULL_R0.01_ATR1.0_RR3.0_DL3,33282,56,3012,0.17,-10092.61,-92.61,-100.93,100.93,-0.3032,-1.0,,0.01,1.0,3.0,5.64,16.93,3
v2_backtest_atr_adx,FULL,FULL_R0.01_ATR1.25_RR1.5_DL1,148091,2096,20649,1.42,-71678.28,-61678.28,-716.78,716.78,-0.484,-1.0,,0.01,1.25,1.5,4.69,7.02,1
v2_backtest_atr_adx,FULL,FULL_R0.01_ATR1.25_RR1.5_DL2,61299,603,5875,0.98,-10192.48,-192.48,-101.92,101.93,-0.1663,-1.0,,0.01,1.25,1.5,6.84,10.26,2
v2_backtest_atr_adx,FULL,FULL_R0.01_ATR1.25_RR1.5_DL3,34724,265,2363,0.76,-10054.06,-54.06,-100.54,100.54,-0.2895,-1.0,,0.01,1.25,1.5,6.27,9.41,3
v2_backtest_atr_adx,FULL,FULL_R0.01_ATR1.25_RR1.75_DL1,151403,1325,20316,0.88,-76551.2,-66551.2,-765.51,765.51,-0.5056,-1.0,,0.01,1.25,1.75,4.79,8.38,1
v2_backtest_atr_adx,FULL,FULL_R0.01_ATR1.25_RR1.75_DL2,62073,427,6025,0.69,-10205.31,-205.31,-102.05,102.05,-0.1644,-1.0,,0.01,1.25,1.75,6.83,11.95,2
v2_backtest_atr_adx,FULL,FULL_R0.01_ATR1.25_RR1.75_DL3,35364,191,2412,0.54,-10060.6,-60.6,-100.61,100.61,-0.2845,-1.0,,0.01,1.25,1.75,6.33,11.08,3
v2_backtest_atr_adx,FULL,FULL_R0.01_ATR1.25_RR2.0_DL1,153198,962,21583,0.63,-188833.83,-178833.83,-1888.34,1888.34,-1.2326,-1.0,,0.01,1.25,2.0,4.63,9.27,1
v2_backtest_atr_adx,FULL,FULL_R0.01_ATR1.25_RR2.0_DL2,62989,310,6068,0.49,-10214.78,-214.78,-102.15,102.15,-0.1622,-1.0,,0.01,1.25,2.0,6.86,13.72,2
v2_backtest_atr_adx,FULL,FULL_R0.01_ATR1.25_RR2.0_DL3,36509,138,2452,0.38,-10067.73,-67.73,-100.68,100.68,-0.2758,-1.0,,0.01,1.25,2.0,6.44,12.87,3
v2_backtest_atr_adx,FULL,FULL_R0.01_ATR1.25_RR2.5_DL1,153429,488,20551,0.32,-199275.71,-189275.71,-1992.76,1992.76,-1.2988,-1.0,,0.01,1.25,2.5,4.71,11.8,1
v2_backtest_atr_adx,FULL,FULL_R0.01_ATR1.25_RR2.5_DL2,61791,179,6421,0.29,-10240.15,-240.15,-102.4,102.4,-0.1657,-1.0,,0.01,1.25,2.5,5.63,14.08,2
v2_backtest_atr_adx,FULL,FULL_R0.01_ATR1.25_RR2.5_DL3,39914,68,2424,0.17,-10072.79,-72.79,-100.73,100.73,-0.2524,-1.0,,0.01,1.25,2.5,8.26,20.64,3
v2_backtest_atr_adx,FULL,FULL_R0.01_ATR1.25_RR3.0_DL1,153698,289,20143,0.19,-206323.32,-196323.32,-2063.23,2063.23,-1.3424,-1.0,,0.01,1.25,3.0,4.76,14.31,1
v2_backtest_atr_adx,FULL,FULL_R0.01_ATR1.25_RR3.0_DL2,62317,111,6417,0.18,-10244.07,-244.07,-102.44,102.44,-0.1644,-1.0,,0.01,1.25,3.0,5.73,17.18,2
v2_backtest_atr_adx,FULL,FULL_R0.01_ATR1.25_RR3.0_DL3,41093,39,2425,0.09,-10077.0,-77.0,-100.77,100.77,-0.2452,-1.0,,0.01,1.25,3.0,8.74,26.23,3
v2_backtest_atr_adx,FULL,FULL_R0.01_ATR1.5_RR1.5_DL1,147481,1710,17033,1.16,-12776.03,-2776.03,-127.76,127.76,-0.0866,-1.0,,0.01,1.5,1.5,5.29,7.94,1
v2_backtest_atr_adx,FULL,FULL_R0.01_ATR1.5_RR1.5_DL2,68068,457,4230,0.67,-10135.35,-135.35,-101.35,101.35,-0.1489,-1.0,,0.01,1.5,1.5,9.1,13.65,2
v2_backtest_atr_adx,FULL,FULL_R0.01_ATR1.5_RR1.5_DL3,47470,205,1771,0.43,-10035.24,-35.24,-100.35,100.35,-0.2114,-1.0,,0.01,1.5,1.5,10.55,15.83,3
v2_backtest_atr_adx,FULL,FULL_R0.01_ATR1.5_RR1.75_DL1,151483,1044,16843,0.69,-14554.49,-4554.49,-145.54,145.54,-0.0961,-1.0,,0.01,1.5,1.75,5.44,9.51,1
v2_backtest_atr_adx,FULL,FULL_R0.01_ATR1.5_RR1.75_DL2,69570,299,4199,0.43,-10142.33,-142.33,-101.42,101.42,-0.1458,-1.0,,0.01,1.5,1.75,9.19,16.08,2
v2_backtest_atr_adx,FULL,FULL_R0.01_ATR1.5_RR1.75_DL3,49590,143,1754,0.29,-10037.31,-37.31,-100.37,100.37,-0.2024,-1.0,,0.01,1.5,1.75,10.64,18.63,3
v2_backtest_atr_adx,FULL,FULL_R0.01_ATR1.5_RR2.0_DL1,152301,674,15356,0.44,-21279.06,-11279.06,-212.79,212.79,-0.1397,-1.0,,0.01,1.5,2.0,5.65,11.28,1
v2_backtest_atr_adx,FULL,FULL_R0.01_ATR1.5_RR2.0_DL2,68409,232,4312,0.34,-10150.17,-150.17,-101.5,101.5,-0.1484,-1.0,,0.01,1.5,2.0,8.08,16.17,2
v2_backtest_atr_adx,FULL,FULL_R0.01_ATR1.5_RR2.0_DL3,50262,99,1833,0.2,-10045.46,-45.46,-100.45,100.45,-0.1999,-1.0,,0.01,1.5,2.0,10.56,21.13,3
v2_backtest_atr_adx,FULL,FULL_R0.01_ATR1.5_RR2.5_DL1,153440,346,15328,0.23,-122928.61,-112928.61,-1229.29,1229.29,-0.8012,-1.0,,0.01,1.5,2.5,5.37,13.42,1
v2_backtest_atr_adx,FULL,FULL_R0.01_ATR1.5_RR2.5_DL2,69850,132,4367,0.19,-10161.28,-161.28,-101.61,101.61,-0.1455,-1.0,,0.01,1.5,2.5,8.38,20.95,2
v2_backtest_atr_adx,FULL,FULL_R0.01_ATR1.5_RR2.5_DL3,51187,63,1847,0.12,-10048.23,-48.23,-100.48,100.48,-0.1963,-1.0,,0.01,1.5,2.5,11.03,27.56,3
v2_backtest_atr_adx,FULL,FULL_R0.01_ATR1.5_RR3.0_DL1,153859,224,15248,0.15,-124551.06,-114551.06,-1245.51,1245.51,-0.8095,-1.0,,0.01,1.5,3.0,5.4,16.17,1
v2_backtest_atr_adx,FULL,FULL_R0.01_ATR1.5_RR3.0_DL2,69836,80,4372,0.11,-10167.37,-167.37,-101.67,101.67,-0.1456,-1.0,,0.01,1.5,3.0,8.47,25.4,2
v2_backtest_atr_adx,FULL,FULL_R0.01_ATR1.5_RR3.0_DL3,51155,37,1853,0.07,-10052.45,-52.45,-100.52,100.52,-0.1965,-1.0,,0.01,1.5,3.0,11.15,33.43,3
v2_backtest_atr_adx,FULL,FULL_R0.01_ATR1.75_RR1.5_DL1,147925,1426,14271,0.96,-22279.76,-12279.76,-222.8,222.8,-0.1506,-1.0,,0.01,1.75,1.5,5.74,8.61,1
v2_backtest_atr_adx,FULL,FULL_R0.01_ATR1.75_RR1.5_DL2,74378,335,2869,0.45,-10083.71,-83.71,-100.84,100.84,-0.1356,-1.0,,0.01,1.75,1.5,11.16,16.74,2
v2_backtest_atr_adx,FULL,FULL_R0.01_ATR1.75_RR1.5_DL3,57892,152,1249,0.26,-10012.41,-12.41,-100.12,100.12,-0.1729,-1.0,,0.01,1.75,1.5,12.45,18.67,3
v2_backtest_atr_adx,FULL,FULL_R0.01_ATR1.75_RR1.75_DL1,151246,786,11701,0.52,-29988.14,-19988.14,-299.88,299.88,-0.1983,-1.0,,0.01,1.75,1.75,6.21,10.86,1
v2_backtest_atr_adx,FULL,FULL_R0.01_ATR1.75_RR1.75_DL2,74418,224,2891,0.3,-10093.84,-93.84,-100.94,100.94,-0.1356,-1.0,,0.01,1.75,1.75,10.24,17.93,2
v2_backtest_atr_adx,FULL,FULL_R0.01_ATR1.75_RR1.75_DL3,60584,104,1253,0.17,-10016.65,-16.65,-100.17,100.17,-0.1653,-1.0,,0.01,1.75,1.75,12.77,22.36,3
v2_backtest_atr_adx,FULL,FULL_R0.01_ATR1.75_RR2.0_DL1,151781,564,12983,0.37,-12867.56,-2867.56,-128.68,128.68,-0.0848,-1.0,,0.01,1.75,2.0,6.55,13.08,1
v2_backtest_atr_adx,FULL,FULL_R0.01_ATR1.75_RR2.0_DL2,74746,170,2880,0.23,-10095.67,-95.67,-100.96,100.96,-0.1351,-1.0,,0.01,1.75,2.0,10.28,20.56,2
v2_backtest_atr_adx,FULL,FULL_R0.01_ATR1.75_RR2.0_DL3,61273,84,1325,0.14,-10021.98,-21.98,-100.22,100.22,-0.1636,-1.0,,0.01,1.75,2.0,12.76,25.53,3
v2_backtest_atr_adx,FULL,FULL_R0.01_ATR1.75_RR2.5_DL1,153448,85,3386,0.06,-28802.46,-18802.46,-288.02,288.93,-0.1877,-0.9969,,0.01,1.75,2.5,16.41,40.94,1
v2_backtest_atr_adx,FULL,FULL_R0.01_ATR1.75_RR2.5_DL2,79142,95,2912,0.12,-10108.66,-108.65,-101.09,101.09,-0.1277,-1.0,,0.01,1.75,2.5,11.7,29.25,2
v2_backtest_atr_adx,FULL,FULL_R0.01_ATR1.75_RR2.5_DL3,65589,51,1315,0.08,-10025.87,-25.87,-100.26,100.26,-0.1529,-1.0,,0.01,1.75,2.5,14.35,35.89,3
v2_backtest_atr_adx,FULL,FULL_R0.01_ATR1.75_RR3.0_DL1,152933,165,11034,0.11,-54894.03,-44894.03,-548.94,548.94,-0.3589,-1.0,,0.01,1.75,3.0,6.46,19.34,1
v2_backtest_atr_adx,FULL,FULL_R0.01_ATR1.75_RR3.0_DL2,80942,59,2973,0.07,-10118.13,-118.13,-101.18,101.18,-0.125,-1.0,,0.01,1.75,3.0,11.66,35.0,2
v2_backtest_atr_adx,FULL,FULL_R0.01_ATR1.75_RR3.0_DL3,66911,26,1320,0.04,-10029.23,-29.23,-100.29,100.29,-0.1499,-1.0,,0.01,1.75,3.0,14.36,43.07,3
v2_backtest_atr_adx,FULL,FULL_R0.01_ATR2.0_RR1.5_DL1,144028,1445,14043,1.0,-58555.14,-48555.14,-585.55,585.55,-0.4066,-1.0,,0.01,2.0,1.5,6.32,9.49,1
v2_backtest_atr_adx,FULL,FULL_R0.01_ATR2.0_RR1.5_DL2,81262,259,2240,0.32,-10057.15,-57.15,-100.57,100.57,-0.1238,-1.0,,0.01,2.0,1.5,12.4,18.61,2
v2_backtest_atr_adx,FULL,FULL_R0.01_ATR2.0_RR1.5_DL3,69049,118,870,0.17,-9991.34,8.66,-99.91,99.91,-0.1447,-1.0,,0.01,2.0,1.5,14.97,22.47,3
v2_backtest_atr_adx,FULL,FULL_R0.01_ATR2.0_RR1.75_DL1,148487,860,13930,0.58,-15387.16,-5387.16,-153.87,153.87,-0.1036,-1.0,,0.01,2.0,1.75,7.09,12.41,1
v2_backtest_atr_adx,FULL,FULL_R0.01_ATR2.0_RR1.75_DL2,82677,182,2297,0.22,-10064.13,-64.13,-100.64,100.64,-0.1217,-1.0,,0.01,2.0,1.75,12.58,22.01,2
v2_backtest_atr_adx,FULL,FULL_R0.01_ATR2.0_RR1.75_DL3,70819,89,949,0.13,-10003.02,-3.02,-100.03,100.03,-0.1412,-1.0,,0.01,2.0,1.75,15.06,26.35,3
v2_backtest_atr_adx,FULL,FULL_R0.01_ATR2.0_RR2.0_DL1,150157,353,8667,0.24,-17560.51,-7560.51,-175.61,175.61,-0.1169,-1.0,,0.01,2.0,2.0,11.51,23.0,1
v2_backtest_atr_adx,FULL,FULL_R0.01_ATR2.0_RR2.0_DL2,89651,132,2195,0.15,-10063.63,-63.63,-100.64,100.64,-0.1123,-1.0,,0.01,2.0,2.0,16.14,32.26,2
v2_backtest_atr_adx,FULL,FULL_R0.01_ATR2.0_RR2.0_DL3,79673,61,887,0.08,-10001.59,-1.59,-100.02,100.02,-0.1255,-1.0,,0.01,2.0,2.0,19.35,38.69,3
v2_backtest_atr_adx,FULL,FULL_R0.01_ATR2.0_RR2.5_DL1,153234,415,16270,0.27,-31345.31,-21345.31,-313.45,313.45,-0.2046,-1.0,,0.01,2.0,2.5,6.06,15.16,1
v2_backtest_atr_adx,FULL,FULL_R0.01_ATR2.0_RR2.5_DL2,93019,69,2209,0.07,-10073.16,-73.16,-100.73,100.73,-0.1083,-1.0,,0.01,2.0,2.5,16.38,40.95,2
v2_backtest_atr_adx,FULL,FULL_R0.01_ATR2.0_RR2.5_DL3,81142,35,894,0.04,-10004.85,-4.85,-100.05,100.05,-0.1233,-1.0,,0.01,2.0,2.5,19.62,49.04,3
v2_backtest_atr_adx,FULL,FULL_R0.01_ATR2.0_RR3.0_DL1,153169,114,8142,0.07,-35657.4,-25657.4,-356.57,356.58,-0.2328,-1.0,,0.01,2.0,3.0,8.93,26.78,1
v2_backtest_atr_adx,FULL,FULL_R0.01_ATR2.0_RR3.0_DL2,94512,47,2211,0.05,-10074.19,-74.19,-100.74,100.74,-0.1066,-1.0,,0.01,2.0,3.0,16.38,49.13,2
v2_backtest_atr_adx,FULL,FULL_R0.01_ATR2.0_RR3.0_DL3,82997,20,894,0.02,-10007.01,-7.01,-100.07,100.07,-0.1206,-1.0,,0.01,2.0,3.0,19.53,58.57,3
v2_backtest_atr_adx,FULL,FULL_R0.01_ATR2.25_RR1.5_DL1,144663,1073,10975,0.74,-16940.28,-6940.28,-169.4,169.41,-0.1171,-1.0,,0.01,2.25,1.5,8.43,12.64,1
v2_backtest_atr_adx,FULL,FULL_R0.01_ATR2.25_RR1.5_DL2,88489,204,1687,0.23,-10033.63,-33.63,-100.34,100.34,-0.1134,-1.0,,0.01,2.25,1.5,14.14,21.21,2
v2_backtest_atr_adx,FULL,FULL_R0.01_ATR2.25_RR1.5_DL3,77104,110,779,0.14,-9983.08,16.92,-99.83,99.83,-0.1295,-1.0,,0.01,2.25,1.5,16.49,24.73,3
v2_backtest_atr_adx,FULL,FULL_R0.01_ATR2.25_RR1.75_DL1,149166,392,6453,0.26,-10756.36,-756.36,-107.56,107.57,-0.0721,-1.0,,0.01,2.25,1.75,14.44,25.27,1
v2_backtest_atr_adx,FULL,FULL_R0.01_ATR2.25_RR1.75_DL2,89599,141,1693,0.16,-10039.29,-39.29,-100.39,100.4,-0.112,-1.0,,0.01,2.25,1.75,14.14,24.74,2
v2_backtest_atr_adx,FULL,FULL_R0.01_ATR2.25_RR1.75_DL3,82821,78,751,0.09,-9983.76,16.24,-99.84,99.84,-0.1205,-1.0,,0.01,2.25,1.75,17.82,31.19,3
v2_backtest_atr_adx,FULL,FULL_R0.01_ATR2.25_RR2.0_DL1,152230,179,3863,0.12,-11139.5,-1139.5,-111.4,111.82,-0.0732,-0.9962,,0.01,2.25,2.0,20.77,41.54,1
v2_backtest_atr_adx,FULL,FULL_R0.01_ATR2.25_RR2.0_DL2,89892,101,1697,0.11,-10042.77,-42.77,-100.43,100.43,-0.1117,-1.0,,0.01,2.25,2.0,14.15,28.3,2
v2_backtest_atr_adx,FULL,FULL_R0.01_ATR2.25_RR2.0_DL3,82791,62,760,0.07,-9986.84,13.16,-99.87,99.87,-0.1206,-1.0,,0.01,2.25,2.0,17.77,35.55,3
v2_backtest_atr_adx,FULL,FULL_R0.01_ATR2.25_RR2.5_DL1,155890,43,1497,0.03,-15601.76,-5601.76,-156.02,157.83,-0.1001,-0.9885,,0.01,2.25,2.5,25.2,62.96,1
v2_backtest_atr_adx,FULL,FULL_R0.01_ATR2.25_RR2.5_DL2,93801,58,1714,0.06,-10048.0,-48.0,-100.48,100.48,-0.1071,-1.0,,0.01,2.25,2.5,14.39,35.98,2
v2_backtest_atr_adx,FULL,FULL_R0.01_ATR2.25_RR2.5_DL3,85890,34,756,0.04,-9991.12,8.88,-99.91,99.91,-0.1163,-1.0,,0.01,2.25,2.5,17.86,44.67,3
v2_backtest_atr_adx,FULL,FULL_R0.01_ATR2.25_RR3.0_DL1,156225,3,233,0.0,-15700.67,-5700.67,-157.01,159.83,-0.1005,-0.9823,,0.01,2.25,3.0,27.11,81.34,1
v2_backtest_atr_adx,FULL,FULL_R0.01_ATR2.25_RR3.0_DL2,94160,40,1715,0.04,-10051.03,-51.03,-100.51,100.51,-0.1067,-1.0,,0.01,2.25,3.0,14.41,43.23,2
v2_backtest_atr_adx,FULL,FULL_R0.01_ATR2.25_RR3.0_DL3,86812,21,758,0.02,-9995.88,4.12,-99.96,99.96,-0.1151,-1.0,,0.01,2.25,3.0,17.86,53.58,3
v2_backtest_atr_adx,FULL,FULL_R0.01_ATR2.5_RR1.5_DL1,147463,925,9269,0.63,-19658.73,-9658.73,-196.59,196.11,-0.1333,-1.0024,,0.01,2.5,1.5,11.65,17.48,1
v2_backtest_atr_adx,FULL,FULL_R0.01_ATR2.5_RR1.5_DL2,92979,173,1379,0.19,-10020.0,-20.0,-100.2,100.2,-0.1078,-1.0,,0.01,2.5,1.5,15.57,23.36,2
v2_backtest_atr_adx,FULL,FULL_R0.01_ATR2.5_RR1.5_DL3,82501,93,593,0.11,-9910.31,89.69,-99.1,99.13,-0.1201,-0.9997,,0.01,2.5,1.5,17.93,26.89,3
v2_backtest_atr_adx,FULL,FULL_R0.01_ATR2.5_RR1.75_DL1,152036,190,3267,0.12,-12516.11,-2516.1,-125.16,125.16,-0.0823,-1.0,,0.01,2.5,1.75,23.18,40.55,1
v2_backtest_atr_adx,FULL,FULL_R0.01_ATR2.5_RR1.75_DL2,94735,121,1385,0.13,-10023.36,-23.36,-100.23,100.24,-0.1058,-1.0,,0.01,2.5,1.75,15.61,27.31,2
v2_backtest_atr_adx,FULL,FULL_R0.01_ATR2.5_RR1.75_DL3,90942,64,567,0.07,-9913.57,86.43,-99.14,99.17,-0.109,-0.9996,,0.01,2.5,1.75,21.53,37.68,3
v2_backtest_atr_adx,FULL,FULL_R0.01_ATR2.5_RR2.0_DL1,153067,157,3525,0.1,-10823.39,-823.39,-108.23,108.24,-0.0707,-1.0,,0.01,2.5,2.0,23.04,46.06,1
v2_backtest_atr_adx,FULL,FULL_R0.01_ATR2.5_RR2.0_DL2,95894,84,1394,0.09,-10028.25,-28.25,-100.28,100.28,-0.1046,-1.0,,0.01,2.5,2.0,15.78,31.54,2
v2_backtest_atr_adx,FULL,FULL_R0.01_ATR2.5_RR2.0_DL3,91528,47,571,0.05,-9931.96,68.04,-99.32,99.32,-0.1085,-1.0,,0.01,2.5,2.0,21.47,42.94,3
v2_backtest_atr_adx,FULL,FULL_R0.01_ATR2.5_RR2.5_DL1,155896,42,1399,0.03,-10709.8,-709.8,-107.1,108.96,-0.0687,-0.983,,0.01,2.5,2.5,28.47,71.16,1
v2_backtest_atr_adx,FULL,FULL_R0.01_ATR2.5_RR2.5_DL2,100659,48,1390,0.05,-10032.19,-32.19,-100.32,100.32,-0.0997,-1.0,,0.01,2.5,2.5,16.51,41.26,2
v2_backtest_atr_adx,FULL,FULL_R0.01_ATR2.5_RR2.5_DL3,95830,25,560,0.03,-9947.78,52.22,-99.48,99.48,-0.1038,-1.0,,0.01,2.5,2.5,22.15,55.37,3
v2_backtest_atr_adx,FULL,FULL_R0.01_ATR2.5_RR3.0_DL1,156225,1,165,0.0,-11110.2,-1110.2,-111.1,113.94,-0.0711,-0.9751,,0.01,2.5,3.0,30.27,90.81,1
v2_backtest_atr_adx,FULL,FULL_R0.01_ATR2.5_RR3.0_DL2,100655,28,1393,0.03,-10034.62,-34.62,-100.35,100.35,-0.0997,-1.0,,0.01,2.5,3.0,16.49,49.48,2
v2_backtest_atr_adx,FULL,FULL_R0.01_ATR2.5_RR3.0_DL3,95903,20,561,0.02,-9951.26,48.74,-99.51,99.52,-0.1038,-1.0,,0.01,2.5,3.0,22.14,66.42,3
v2_backtest_atr_adx,FULL,FULL_R0.02_ATR1.0_RR1.5_DL1,150106,2319,22921,1.54,-242891.71,-232891.71,-2428.92,2428.92,-1.6181,-1.0,,0.02,1.0,1.5,4.48,6.73,1
v2_backtest_atr_adx,FULL,FULL_R0.02_ATR1.0_RR1.5_DL2,57445,790,7454,1.38,-10833.15,-833.15,-108.33,108.33,-0.1886,-1.0,,0.02,1.0,1.5,5.09,7.64,2
v2_backtest_atr_adx,FULL,FULL_R0.02_ATR1.0_RR1.5_DL3,31188,311,2836,1.0,-10094.77,-94.77,-100.95,100.95,-0.3237,-1.0,,0.02,1.0,1.5,5.16,7.75,3
v2_backtest_atr_adx,FULL,FULL_R0.02_ATR1.0_RR1.75_DL1,152322,1529,23029,1.0,-256179.23,-246179.23,-2561.79,2561.79,-1.6818,-1.0,,0.02,1.0,1.75,4.5,7.88,1
v2_backtest_atr_adx,FULL,FULL_R0.02_ATR1.0_RR1.75_DL2,58045,531,7573,0.91,-10906.94,-906.94,-109.07,109.07,-0.1879,-1.0,,0.02,1.0,1.75,5.08,8.89,2
v2_backtest_atr_adx,FULL,FULL_R0.02_ATR1.0_RR1.75_DL3,31430,225,2936,0.72,-10100.87,-100.87,-101.01,101.01,-0.3214,-1.0,,0.02,1.0,1.75,5.11,8.95,3
v2_backtest_atr_adx,FULL,FULL_R0.02_ATR1.0_RR2.0_DL1,153192,1085,23284,0.71,-262538.89,-252538.89,-2625.39,2624.36,-1.7138,-1.0004,,0.02,1.0,2.0,4.49,8.98,1
v2_backtest_atr_adx,FULL,FULL_R0.02_ATR1.0_RR2.0_DL2,58577,391,7731,0.67,-11390.61,-1390.61,-113.91,113.91,-0.1945,-1.0,,0.02,1.0,2.0,5.07,10.15,2
v2_backtest_atr_adx,FULL,FULL_R0.02_ATR1.0_RR2.0_DL3,31942,164,2989,0.51,-10615.03,-615.02,-106.15,106.15,-0.3323,-1.0,,0.02,1.0,2.0,5.12,10.24,3
v2_backtest_atr_adx,FULL,FULL_R0.02_ATR1.0_RR2.5_DL1,153640,624,24199,0.41,-672454.8,-662454.8,-6724.55,6724.55,-4.3768,-1.0,,0.02,1.0,2.5,4.32,10.81,1
v2_backtest_atr_adx,FULL,FULL_R0.02_ATR1.0_RR2.5_DL2,59520,233,7945,0.39,-11645.72,-1645.72,-116.46,116.46,-0.1957,-1.0,,0.02,1.0,2.5,4.98,12.46,2
v2_backtest_atr_adx,FULL,FULL_R0.02_ATR1.0_RR2.5_DL3,32580,92,3018,0.28,-10665.83,-665.82,-106.66,106.66,-0.3274,-1.0,,0.02,1.0,2.5,5.24,13.11,3
v2_backtest_atr_adx,FULL,FULL_R0.02_ATR1.0_RR3.0_DL1,154089,369,23849,0.24,-693569.63,-683569.63,-6935.7,6935.7,-4.5011,-1.0,,0.02,1.0,3.0,4.34,13.04,1
v2_backtest_atr_adx,FULL,FULL_R0.02_ATR1.0_RR3.0_DL2,59195,138,8003,0.23,-11578.28,-1578.28,-115.78,115.78,-0.1956,-1.0,,0.02,1.0,3.0,4.8,14.39,2
v2_backtest_atr_adx,FULL,FULL_R0.02_ATR1.0_RR3.0_DL3,33282,56,3012,0.17,-10801.67,-801.67,-108.02,108.02,-0.3245,-1.0,,0.02,1.0,3.0,5.64,16.93,3
v2_backtest_atr_adx,FULL,FULL_R0.02_ATR1.25_RR1.5_DL1,148091,2096,20649,1.42,-142682.54,-132682.54,-1426.83,1426.83,-0.9635,-1.0,,0.02,1.25,1.5,4.69,7.02,1
v2_backtest_atr_adx,FULL,FULL_R0.02_ATR1.25_RR1.5_DL2,61299,603,5875,0.98,-10286.02,-286.02,-102.86,102.86,-0.1678,-1.0,,0.02,1.25,1.5,6.84,10.26,2
v2_backtest_atr_adx,FULL,FULL_R0.02_ATR1.25_RR1.5_DL3,34724,265,2363,0.76,-10117.94,-117.94,-101.18,101.18,-0.2914,-1.0,,0.02,1.25,1.5,6.27,9.41,3
v2_backtest_atr_adx,FULL,FULL_R0.02_ATR1.25_RR1.75_DL1,151403,1325,20316,0.88,-152404.14,-142404.14,-1524.04,1524.04,-1.0066,-1.0,,0.02,1.25,1.75,4.79,8.38,1
v2_backtest_atr_adx,FULL,FULL_R0.02_ATR1.25_RR1.75_DL2,62073,427,6025,0.69,-10254.74,-254.74,-102.55,102.55,-0.1652,-1.0,,0.02,1.25,1.75,6.83,11.95,2
v2_backtest_atr_adx,FULL,FULL_R0.02_ATR1.25_RR1.75_DL3,35364,191,2412,0.54,-10114.05,-114.05,-101.14,101.14,-0.286,-1.0,,0.02,1.25,1.75,6.33,11.08,3
v2_backtest_atr_adx,FULL,FULL_R0.02_ATR1.25_RR2.0_DL1,153198,962,21583,0.63,-377045.12,-367045.12,-3770.45,3770.45,-2.4612,-1.0,,0.02,1.25,2.0,4.63,9.27,1
v2_backtest_atr_adx,FULL,FULL_R0.02_ATR1.25_RR2.0_DL2,62989,310,6068,0.49,-10241.44,-241.44,-102.41,102.41,-0.1626,-1.0,,0.02,1.25,2.0,6.86,13.72,2
v2_backtest_atr_adx,FULL,FULL_R0.02_ATR1.25_RR2.0_DL3,36509,138,2452,0.38,-10792.5,-792.5,-107.92,107.92,-0.2956,-1.0,,0.02,1.25,2.0,6.44,12.87,3
v2_backtest_atr_adx,FULL,FULL_R0.02_ATR1.25_RR2.5_DL1,153429,488,20551,0.32,-397937.62,-387937.62,-3979.38,3979.38,-2.5936,-1.0,,0.02,1.25,2.5,4.71,11.8,1
v2_backtest_atr_adx,FULL,FULL_R0.02_ATR1.25_RR2.5_DL2,61791,179,6421,0.29,-10268.64,-268.64,-102.69,102.69,-0.1662,-1.0,,0.02,1.25,2.5,5.63,14.08,2
v2_backtest_atr_adx,FULL,FULL_R0.02_ATR1.25_RR2.5_DL3,39914,68,2424,0.17,-10853.86,-853.86,-108.54,108.54,-0.2719,-1.0,,0.02,1.25,2.5,8.26,20.64,3
v2_backtest_atr_adx,FULL,FULL_R0.02_ATR1.25_RR3.0_DL1,153698,289,20143,0.19,-412035.66,-402035.66,-4120.36,4120.36,-2.6808,-1.0,,0.02,1.25,3.0,4.76,14.31,1
v2_backtest_atr_adx,FULL,FULL_R0.02_ATR1.25_RR3.0_DL2,62317,111,6417,0.18,-10286.08,-286.08,-102.86,102.86,-0.1651,-1.0,,0.02,1.25,3.0,5.73,17.18,2
v2_backtest_atr_adx,FULL,FULL_R0.02_ATR1.25_RR3.0_DL3,41093,39,2425,0.09,-11036.84,-1036.84,-110.37,110.37,-0.2686,-1.0,,0.02,1.25,3.0,8.74,26.23,3
v2_backtest_atr_adx,FULL,FULL_R0.02_ATR1.5_RR1.5_DL1,147481,1710,17033,1.16,-11289.9,-1289.9,-112.9,112.9,-0.0766,-1.0,,0.02,1.5,1.5,5.29,7.94,1
v2_backtest_atr_adx,FULL,FULL_R0.02_ATR1.5_RR1.5_DL2,68068,457,4230,0.67,-10697.01,-697.01,-106.97,106.97,-0.1572,-1.0,,0.02,1.5,1.5,9.1,13.65,2
v2_backtest_atr_adx,FULL,FULL_R0.02_ATR1.5_RR1.5_DL3,47470,205,1771,0.43,-10116.29,-116.29,-101.16,101.16,-0.2131,-1.0,,0.02,1.5,1.5,10.55,15.83,3
v2_backtest_atr_adx,FULL,FULL_R0.02_ATR1.5_RR1.75_DL1,151483,1044,16843,0.69,-10770.3,-770.3,-107.7,107.7,-0.0711,-1.0,,0.02,1.5,1.75,5.44,9.51,1
v2_backtest_atr_adx,FULL,FULL_R0.02_ATR1.5_RR1.75_DL2,69570,299,4199,0.43,-10688.86,-688.86,-106.89,106.89,-0.1536,-1.0,,0.02,1.5,1.75,9.19,16.08,2
v2_backtest_atr_adx,FULL,FULL_R0.02_ATR1.5_RR1.75_DL3,49590,143,1754,0.29,-10127.64,-127.64,-101.28,101.28,-0.2042,-1.0,,0.02,1.5,1.75,10.64,18.63,3
v2_backtest_atr_adx,FULL,FULL_R0.02_ATR1.5_RR2.0_DL1,152301,674,15356,0.44,-10858.84,-858.84,-108.59,108.59,-0.0713,-1.0,,0.02,1.5,2.0,5.65,11.28,1
v2_backtest_atr_adx,FULL,FULL_R0.02_ATR1.5_RR2.0_DL2,68409,232,4312,0.34,-10824.63,-824.63,-108.25,108.25,-0.1582,-1.0,,0.02,1.5,2.0,8.08,16.17,2
v2_backtest_atr_adx,FULL,FULL_R0.02_ATR1.5_RR2.0_DL3,50262,99,1833,0.2,-11383.73,-1383.73,-113.84,113.84,-0.2265,-1.0,,0.02,1.5,2.0,10.56,21.13,3
v2_backtest_atr_adx,FULL,FULL_R0.02_ATR1.5_RR2.5_DL1,153440,346,15328,0.23,-245242.75,-235242.75,-2452.43,2456.33,-1.5983,-0.9984,,0.02,1.5,2.5,5.37,13.42,1
v2_backtest_atr_adx,FULL,FULL_R0.02_ATR1.5_RR2.5_DL2,69850,132,4367,0.19,-10760.18,-760.18,-107.6,107.6,-0.154,-1.0,,0.02,1.5,2.5,8.38,20.95,2
v2_backtest_atr_adx,FULL,FULL_R0.02_ATR1.5_RR2.5_DL3,51187,63,1847,0.12,-11471.75,-1471.75,-114.72,114.72,-0.2241,-1.0,,0.02,1.5,2.5,11.03,27.56,3
v2_backtest_atr_adx,FULL,FULL_R0.02_ATR1.5_RR3.0_DL1,153859,224,15248,0.15,-248480.99,-238480.99,-2484.81,2490.65,-1.615,-0.9977,,0.02,1.5,3.0,5.4,16.17,1
v2_backtest_atr_adx,FULL,FULL_R0.02_ATR1.5_RR3.0_DL2,69836,80,4372,0.11,-10831.15,-831.15,-108.31,108.31,-0.1551,-1.0,,0.02,1.5,3.0,8.47,25.4,2
v2_backtest_atr_adx,FULL,FULL_R0.02_ATR1.5_RR3.0_DL3,51155,37,1853,0.07,-11781.19,-1781.19,-117.81,117.81,-0.2303,-1.0,,0.02,1.5,3.0,11.15,33.43,3
v2_backtest_atr_adx,FULL,FULL_R0.02_ATR1.75_RR1.5_DL1,147925,1426,14271,0.96,-10765.88,-765.88,-107.66,107.66,-0.0728,-1.0,,0.02,1.75,1.5,5.74,8.61,1
v2_backtest_atr_adx,FULL,FULL_R0.02_ATR1.75_RR1.5_DL2,74378,335,2869,0.45,-11133.13,-1133.13,-111.33,111.33,-0.1497,-1.0,,0.02,1.75,1.5,11.16,16.74,2
v2_backtest_atr_adx,FULL,FULL_R0.02_ATR1.75_RR1.5_DL3,57892,152,1249,0.26,-10032.86,-32.86,-100.33,100.33,-0.1733,-1.0,,0.02,1.75,1.5,12.45,18.67,3
v2_backtest_atr_adx,FULL,FULL_R0.02_ATR1.75_RR1.75_DL1,151246,786,11701,0.52,-10887.69,-887.69,-108.88,108.88,-0.072,-1.0,,0.02,1.75,1.75,6.21,10.86,1
v2_backtest_atr_adx,FULL,FULL_R0.02_ATR1.75_RR1.75_DL2,74418,224,2891,0.3,-11248.67,-1248.67,-112.49,112.49,-0.1512,-1.0,,0.02,1.75,1.75,10.24,17.93,2
v2_backtest_atr_adx,FULL,FULL_R0.02_ATR1.75_RR1.75_DL3,60584,104,1253,0.17,-10035.61,-35.61,-100.36,100.36,-0.1656,-1.0,,0.02,1.75,1.75,12.77,22.36,3
v2_backtest_atr_adx,FULL,FULL_R0.02_ATR1.75_RR2.0_DL1,151781,564,12983,0.37,-11143.01,-1143.01,-111.43,111.43,-0.0734,-1.0,,0.02,1.75,2.0,6.55,13.08,1
v2_backtest_atr_adx,FULL,FULL_R0.02_ATR1.75_RR2.0_DL2,74746,170,2880,0.23,-11180.25,-1180.25,-111.8,111.8,-0.1496,-1.0,,0.02,1.75,2.0,10.28,20.56,2
v2_backtest_atr_adx,FULL,FULL_R0.02_ATR1.75_RR2.0_DL3,61273,84,1325,0.14,-11784.05,-1784.05,-117.84,117.84,-0.1923,-1.0,,0.02,1.75,2.0,12.76,25.53,3
v2_backtest_atr_adx,FULL,FULL_R0.02_ATR1.75_RR2.5_DL1,153448,85,3386,0.06,-57445.88,-47445.88,-574.46,577.86,-0.3744,-0.9941,,0.02,1.75,2.5,16.41,40.94,1
v2_backtest_atr_adx,FULL,FULL_R0.02_ATR1.75_RR2.5_DL2,79142,95,2912,0.12,-11177.87,-1177.87,-111.78,111.78,-0.1412,-1.0,,0.02,1.75,2.5,11.7,29.25,2
v2_backtest_atr_adx,FULL,FULL_R0.02_ATR1.75_RR2.5_DL3,65589,51,1315,0.08,-11890.47,-1890.47,-118.9,118.9,-0.1813,-1.0,,0.02,1.75,2.5,14.35,35.89,3
v2_backtest_atr_adx,FULL,FULL_R0.02_ATR1.75_RR3.0_DL1,152933,165,11034,0.11,-109283.09,-99283.09,-1092.83,1093.76,-0.7146,-0.9992,,0.02,1.75,3.0,6.46,19.34,1
v2_backtest_atr_adx,FULL,FULL_R0.02_ATR1.75_RR3.0_DL2,80942,59,2973,0.07,-11377.9,-1377.9,-113.78,113.78,-0.1406,-1.0,,0.02,1.75,3.0,11.66,35.0,2
v2_backtest_atr_adx,FULL,FULL_R0.02_ATR1.75_RR3.0_DL3,66911,26,1320,0.04,-12287.77,-2287.77,-122.88,122.88,-0.1836,-1.0,,0.02,1.75,3.0,14.36,43.07,3
v2_backtest_atr_adx,FULL,FULL_R0.02_ATR2.0_RR1.5_DL1,144028,1445,14043,1.0,-10826.31,-826.31,-108.26,108.27,-0.0752,-1.0,,0.02,2.0,1.5,6.32,9.49,1
v2_backtest_atr_adx,FULL,FULL_R0.02_ATR2.0_RR1.5_DL2,81262,259,2240,0.32,-12780.64,-2780.64,-127.81,127.55,-0.1573,-1.002,,0.02,2.0,1.5,12.4,18.61,2
v2_backtest_atr_adx,FULL,FULL_R0.02_ATR2.0_RR1.5_DL3,69049,118,870,0.17,-10016.74,-16.74,-100.17,100.17,-0.1451,-1.0,,0.02,2.0,1.5,14.97,22.47,3
v2_backtest_atr_adx,FULL,FULL_R0.02_ATR2.0_RR1.75_DL1,148487,860,13930,0.58,-13266.95,-3266.95,-132.67,132.67,-0.0893,-1.0,,0.02,2.0,1.75,7.09,12.41,1
v2_backtest_atr_adx,FULL,FULL_R0.02_ATR2.0_RR1.75_DL2,82677,182,2297,0.22,-12571.96,-2571.96,-125.72,125.36,-0.1521,-1.0028,,0.02,2.0,1.75,12.58,22.01,2
v2_backtest_atr_adx,FULL,FULL_R0.02_ATR2.0_RR1.75_DL3,70819,89,949,0.13,-11983.07,-1983.07,-119.83,119.56,-0.1692,-1.0023,,0.02,2.0,1.75,15.06,26.35,3
v2_backtest_atr_adx,FULL,FULL_R0.02_ATR2.0_RR2.0_DL1,150157,353,8667,0.24,-34758.79,-24758.79,-347.59,347.97,-0.2315,-0.9989,,0.02,2.0,2.0,11.51,23.0,1
v2_backtest_atr_adx,FULL,FULL_R0.02_ATR2.0_RR2.0_DL2,89651,132,2195,0.15,-12904.16,-2904.16,-129.04,129.05,-0.1439,-1.0,,0.02,2.0,2.0,16.14,32.26,2
v2_backtest_atr_adx,FULL,FULL_R0.02_ATR2.0_RR2.0_DL3,79673,61,887,0.08,-11806.95,-1806.95,-118.07,118.07,-0.1482,-1.0,,0.02,2.0,2.0,19.35,38.69,3
v2_backtest_atr_adx,FULL,FULL_R0.02_ATR2.0_RR2.5_DL1,153234,415,16270,0.27,-62048.3,-52048.3,-620.48,620.48,-0.4049,-1.0,,0.02,2.0,2.5,6.06,15.16,1
v2_backtest_atr_adx,FULL,FULL_R0.02_ATR2.0_RR2.5_DL2,93019,69,2209,0.07,-12664.8,-2664.8,-126.65,126.65,-0.1362,-1.0,,0.02,2.0,2.5,16.38,40.95,2
v2_backtest_atr_adx,FULL,FULL_R0.02_ATR2.0_RR2.5_DL3,81142,35,894,0.04,-12170.39,-2170.39,-121.7,121.7,-0.15,-1.0,,0.02,2.0,2.5,19.62,49.04,3
v2_backtest_atr_adx,FULL,FULL_R0.02_ATR2.0_RR3.0_DL1,153169,114,8142,0.07,-70953.87,-60953.87,-709.54,711.93,-0.4632,-0.9966,,0.02,2.0,3.0,8.93,26.78,1
v2_backtest_atr_adx,FULL,FULL_R0.02_ATR2.0_RR3.0_DL2,94512,47,2211,0.05,-13086.41,-3086.41,-130.86,130.86,-0.1385,-1.0,,0.02,2.0,3.0,16.38,49.13,2
v2_backtest_atr_adx,FULL,FULL_R0.02_ATR2.0_RR3.0_DL3,82997,20,894,0.02,-12444.12,-2444.12,-124.44,124.44,-0.1499,-1.0,,0.02,2.0,3.0,19.53,58.57,3
v2_backtest_atr_adx,FULL,FULL_R0.02_ATR2.25_RR1.5_DL1,144663,1073,10975,0.74,-18980.19,-8980.19,-189.8,189.81,-0.1312,-1.0,,0.02,2.25,1.5,8.43,12.64,1
v2_backtest_atr_adx,FULL,FULL_R0.02_ATR2.25_RR1.5_DL2,88489,204,1687,0.23,-12859.1,-2859.1,-128.59,128.33,-0.1453,-1.002,,0.02,2.25,1.5,14.14,21.21,2
v2_backtest_atr_adx,FULL,FULL_R0.02_ATR2.25_RR1.5_DL3,77104,110,779,0.14,-10014.02,-14.02,-100.14,100.14,-0.1299,-1.0,,0.02,2.25,1.5,16.49,24.73,3
v2_backtest_atr_adx,FULL,FULL_R0.02_ATR2.25_RR1.75_DL1,149166,392,6453,0.26,-21249.4,-11249.4,-212.49,213.26,-0.1425,-0.9964,,0.02,2.25,1.75,14.44,25.27,1
v2_backtest_atr_adx,FULL,FULL_R0.02_ATR2.25_RR1.75_DL2,89599,141,1693,0.16,-12716.35,-2716.35,-127.16,127.17,-0.1419,-1.0,,0.02,2.25,1.75,14.14,24.74,2
v2_backtest_atr_adx,FULL,FULL_R0.02_ATR2.25_RR1.75_DL3,82821,78,751,0.09,-10015.16,-15.16,-100.15,100.15,-0.1209,-1.0,,0.02,2.25,1.75,17.82,31.19,3
v2_backtest_atr_adx,FULL,FULL_R0.02_ATR2.25_RR2.0_DL1,152230,179,3863,0.12,-22133.51,-12133.51,-221.34,223.77,-0.1454,-0.9891,,0.02,2.25,2.0,20.77,41.54,1
v2_backtest_atr_adx,FULL,FULL_R0.02_ATR2.25_RR2.0_DL2,89892,101,1697,0.11,-13119.04,-3119.04,-131.19,131.19,-0.1459,-1.0,,0.02,2.25,2.0,14.15,28.3,2
v2_backtest_atr_adx,FULL,FULL_R0.02_ATR2.25_RR2.0_DL3,82791,62,760,0.07,-10017.16,-17.16,-100.17,100.17,-0.121,-1.0,,0.02,2.25,2.0,17.77,35.55,3
v2_backtest_atr_adx,FULL,FULL_R0.02_ATR2.25_RR2.5_DL1,155890,43,1497,0.03,-31152.12,-21152.12,-311.52,315.84,-0.1998,-0.9863,,0.02,2.25,2.5,25.2,62.96,1
v2_backtest_atr_adx,FULL,FULL_R0.02_ATR2.25_RR2.5_DL2,93801,58,1714,0.06,-12989.36,-2989.36,-129.89,129.89,-0.1385,-1.0,,0.02,2.25,2.5,14.39,35.98,2
v2_backtest_atr_adx,FULL,FULL_R0.02_ATR2.25_RR2.5_DL3,85890,34,756,0.04,-10017.86,-17.86,-100.18,100.18,-0.1166,-1.0,,0.02,2.25,2.5,17.86,44.67,3
v2_backtest_atr_adx,FULL,FULL_R0.02_ATR2.25_RR3.0_DL1,156225,3,233,0.0,-31400.6,-21400.6,-314.01,319.84,-0.201,-0.9818,,0.02,2.25,3.0,27.11,81.34,1
v2_backtest_atr_adx,FULL,FULL_R0.02_ATR2.25_RR3.0_DL2,94160,40,1715,0.04,-13466.4,-3466.4,-134.66,134.66,-0.143,-1.0,,0.02,2.25,3.0,14.41,43.23,2
v2_backtest_atr_adx,FULL,FULL_R0.02_ATR2.25_RR3.0_DL3,86812,21,758,0.02,-10019.28,-19.28,-100.19,100.19,-0.1154,-1.0,,0.02,2.25,3.0,17.86,53.58,3
v2_backtest_atr_adx,FULL,FULL_R0.02_ATR2.5_RR1.5_DL1,147463,925,9269,0.63,-31295.41,-21295.41,-312.95,310.85,-0.2122,-1.0068,,0.02,2.5,1.5,11.65,17.48,1
v2_backtest_atr_adx,FULL,FULL_R0.02_ATR2.5_RR1.5_DL2,92979,173,1379,0.19,-11809.37,-1809.37,-118.09,118.1,-0.127,-1.0,,0.02,2.5,1.5,15.57,23.36,2
v2_backtest_atr_adx,FULL,FULL_R0.02_ATR2.5_RR1.5_DL3,82501,93,593,0.11,-10003.29,-3.29,-100.03,100.03,-0.1213,-1.0,,0.02,2.5,1.5,17.93,26.89,3
v2_backtest_atr_adx,FULL,FULL_R0.02_ATR2.5_RR1.75_DL1,152036,190,3267,0.12,-13925.23,-3925.23,-139.25,141.42,-0.0916,-0.9847,,0.02,2.5,1.75,23.18,40.55,1
v2_backtest_atr_adx,FULL,FULL_R0.02_ATR2.5_RR1.75_DL2,94735,121,1385,0.13,-12263.37,-2263.37,-122.63,122.64,-0.1294,-1.0,,0.02,2.5,1.75,15.61,27.31,2
v2_backtest_atr_adx,FULL,FULL_R0.02_ATR2.5_RR1.75_DL3,90942,64,567,0.07,-10004.17,-4.17,-100.04,100.04,-0.11,-1.0,,0.02,2.5,1.75,21.53,37.68,3
v2_backtest_atr_adx,FULL,FULL_R0.02_ATR2.5_RR2.0_DL1,153067,157,3525,0.1,-19743.57,-9743.57,-197.44,200.0,-0.129,-0.9872,,0.02,2.5,2.0,23.04,46.06,1
v2_backtest_atr_adx,FULL,FULL_R0.02_ATR2.5_RR2.0_DL2,95894,84,1394,0.09,-12016.3,-2016.3,-120.16,120.16,-0.1253,-1.0,,0.02,2.5,2.0,15.78,31.54,2
v2_backtest_atr_adx,FULL,FULL_R0.02_ATR2.5_RR2.0_DL3,91528,47,571,0.05,-10006.54,-6.54,-100.07,100.07,-0.1093,-1.0,,0.02,2.5,2.0,21.47,42.94,3
v2_backtest_atr_adx,FULL,FULL_R0.02_ATR2.5_RR2.5_DL1,155896,42,1399,0.03,-21356.25,-11356.25,-213.56,217.91,-0.137,-0.98,,0.02,2.5,2.5,28.47,71.16,1
v2_backtest_atr_adx,FULL,FULL_R0.02_ATR2.5_RR2.5_DL2,100659,48,1390,0.05,-12417.63,-2417.63,-124.18,124.18,-0.1234,-1.0,,0.02,2.5,2.5,16.51,41.26,2
v2_backtest_atr_adx,FULL,FULL_R0.02_ATR2.5_RR2.5_DL3,95830,25,560,0.03,-10013.12,-13.12,-100.13,100.13,-0.1045,-1.0,,0.02,2.5,2.5,22.15,55.37,3
v2_backtest_atr_adx,FULL,FULL_R0.02_ATR2.5_RR3.0_DL1,156225,1,165,0.0,-22204.79,-12204.79,-222.05,227.87,-0.1421,-0.9744,,0.02,2.5,3.0,30.27,90.81,1
v2_backtest_atr_adx,FULL,FULL_R0.02_ATR2.5_RR3.0_DL2,100655,28,1393,0.03,-12684.06,-2684.06,-126.84,126.84,-0.126,-1.0,,0.02,2.5,3.0,16.49,49.48,2
v2_backtest_atr_adx,FULL,FULL_R0.02_ATR2.5_RR3.0_DL3,95903,20,561,0.02,-10013.31,-13.31,-100.13,100.13,-0.1044,-1.0,,0.02,2.5,3.0,22.14,66.42,3
v2_backtest_atr_adx,FULL,FULL_R0.005_ATR1.0_RR1.5_DL1,150106,2319,22921,1.54,-61279.52,-51279.52,-612.8,612.8,-0.4082,-1.0,,0.005,1.0,1.5,4.48,6.73,1
v2_backtest_atr_adx,FULL,FULL_R0.005_ATR1.0_RR1.5_DL2,57445,790,7454,1.38,-10200.93,-200.93,-102.01,102.01,-0.1776,-1.0,,0.005,1.0,1.5,5.09,7.64,2
v2_backtest_atr_adx,FULL,FULL_R0.005_ATR1.0_RR1.5_DL3,31188,311,2836,1.0,-10032.12,-32.12,-100.32,100.32,-0.3217,-1.0,,0.005,1.0,1.5,5.16,7.75,3
v2_backtest_atr_adx,FULL,FULL_R0.005_ATR1.0_RR1.75_DL1,152322,1529,23029,1.0,-64627.98,-54627.98,-646.28,646.28,-0.4243,-1.0,,0.005,1.0,1.75,4.5,7.88,1
v2_backtest_atr_adx,FULL,FULL_R0.005_ATR1.0_RR1.75_DL2,58045,531,7573,0.91,-10216.88,-216.88,-102.17,102.17,-0.176,-1.0,,0.005,1.0,1.75,5.08,8.89,2
v2_backtest_atr_adx,FULL,FULL_R0.005_ATR1.0_RR1.75_DL3,31430,225,2936,0.72,-10038.88,-38.88,-100.39,100.39,-0.3194,-1.0,,0.005,1.0,1.75,5.11,8.95,3
v2_backtest_atr_adx,FULL,FULL_R0.005_ATR1.0_RR2.0_DL1,153192,1085,23284,0.71,-66240.02,-56240.02,-662.4,662.34,-0.4324,-1.0001,,0.005,1.0,2.0,4.49,8.98,1
v2_backtest_atr_adx,FULL,FULL_R0.005_ATR1.0_RR2.0_DL2,58577,391,7731,0.67,-10233.6,-233.6,-102.34,102.34,-0.1747,-1.0,,0.005,1.0,2.0,5.07,10.15,2
v2_backtest_atr_adx,FULL,FULL_R0.005_ATR1.0_RR2.0_DL3,31942,164,2989,0.51,-10045.53,-45.53,-100.46,100.46,-0.3145,-1.0,,0.005,1.0,2.0,5.12,10.24,3
v2_backtest_atr_adx,FULL,FULL_R0.005_ATR1.0_RR2.5_DL1,153640,624,24199,0.41,-168666.24,-158666.24,-1686.66,1686.66,-1.0978,-1.0,,0.005,1.0,2.5,4.32,10.81,1
v2_backtest_atr_adx,FULL,FULL_R0.005_ATR1.0_RR2.5_DL2,59520,233,7945,0.39,-10251.11,-251.11,-102.51,102.51,-0.1722,-1.0,,0.005,1.0,2.5,4.98,12.46,2
v2_backtest_atr_adx,FULL,FULL_R0.005_ATR1.0_RR2.5_DL3,32580,92,3018,0.28,-10051.8,-51.8,-100.52,100.52,-0.3085,-1.0,,0.005,1.0,2.5,5.24,13.11,3
v2_backtest_atr_adx,FULL,FULL_R0.005_ATR1.0_RR3.0_DL1,154089,369,23849,0.24,-173949.58,-163949.58,-1739.5,1739.5,-1.1289,-1.0,,0.005,1.0,3.0,4.34,13.04,1
v2_backtest_atr_adx,FULL,FULL_R0.005_ATR1.0_RR3.0_DL2,59195,138,8003,0.23,-10263.71,-263.71,-102.64,102.64,-0.1734,-1.0,,0.005,1.0,3.0,4.8,14.39,2
v2_backtest_atr_adx,FULL,FULL_R0.005_ATR1.0_RR3.0_DL3,33282,56,3012,0.17,-10053.9,-53.9,-100.54,100.54,-0.3021,-1.0,,0.005,1.0,3.0,5.64,16.93,3
v2_backtest_atr_adx,FULL,FULL_R0.005_ATR1.25_RR1.5_DL1,148091,2096,20649,1.42,-36198.16,-26198.16,-361.98,361.98,-0.2444,-1.0,,0.005,1.25,1.5,4.69,7.02,1
v2_backtest_atr_adx,FULL,FULL_R0.005_ATR1.25_RR1.5_DL2,61299,603,5875,0.98,-10154.04,-154.04,-101.54,101.54,-0.1656,-1.0,,0.005,1.25,1.5,6.84,10.26,2
v2_backtest_atr_adx,FULL,FULL_R0.005_ATR1.25_RR1.5_DL3,34724,265,2363,0.76,-10016.05,-16.05,-100.16,100.16,-0.2884,-1.0,,0.005,1.25,1.5,6.27,9.41,3
v2_backtest_atr_adx,FULL,FULL_R0.005_ATR1.25_RR1.75_DL1,151403,1325,20316,0.88,-38648.25,-28648.25,-386.48,386.48,-0.2553,-1.0,,0.005,1.25,1.75,4.79,8.38,1
v2_backtest_atr_adx,FULL,FULL_R0.005_ATR1.25_RR1.75_DL2,62073,427,6025,0.69,-10168.37,-168.37,-101.68,101.68,-0.1638,-1.0,,0.005,1.25,1.75,6.83,11.95,2
v2_backtest_atr_adx,FULL,FULL_R0.005_ATR1.25_RR1.75_DL3,35364,191,2412,0.54,-10021.6,-21.6,-100.22,100.22,-0.2834,-1.0,,0.005,1.25,1.75,6.33,11.08,3
v2_backtest_atr_adx,FULL,FULL_R0.005_ATR1.25_RR2.0_DL1,153198,962,21583,0.63,-94786.52,-84786.52,-947.87,947.87,-0.6187,-1.0,,0.005,1.25,2.0,4.63,9.27,1
v2_backtest_atr_adx,FULL,FULL_R0.005_ATR1.25_RR2.0_DL2,62989,310,6068,0.49,-10176.61,-176.61,-101.77,101.77,-0.1616,-1.0,,0.005,1.25,2.0,6.86,13.72,2
v2_backtest_atr_adx,FULL,FULL_R0.005_ATR1.25_RR2.0_DL3,36509,138,2452,0.38,-10029.72,-29.72,-100.3,100.3,-0.2747,-1.0,,0.005,1.25,2.0,6.44,12.87,3
v2_backtest_atr_adx,FULL,FULL_R0.005_ATR1.25_RR2.5_DL1,153429,488,20551,0.32,-100006.33,-90006.33,-1000.06,1000.06,-0.6518,-1.0,,0.005,1.25,2.5,4.71,11.8,1
v2_backtest_atr_adx,FULL,FULL_R0.005_ATR1.25_RR2.5_DL2,61791,179,6421,0.29,-10203.79,-203.78,-102.04,102.04,-0.1651,-1.0,,0.005,1.25,2.5,5.63,14.08,2
v2_backtest_atr_adx,FULL,FULL_R0.005_ATR1.25_RR2.5_DL3,39914,68,2424,0.17,-10033.46,-33.46,-100.33,100.33,-0.2514,-1.0,,0.005,1.25,2.5,8.26,20.64,3
v2_backtest_atr_adx,FULL,FULL_R0.005_ATR1.25_RR3.0_DL1,153698,289,20143,0.19,-103530.92,-93530.92,-1035.31,1035.31,-0.6736,-1.0,,0.005,1.25,3.0,4.76,14.31,1
v2_backtest_atr_adx,FULL,FULL_R0.005_ATR1.25_RR3.0_DL2,62317,111,6417,0.18,-10209.94,-209.94,-102.1,102.1,-0.1638,-1.0,,0.005,1.25,3.0,5.73,17.18,2
v2_backtest_atr_adx,FULL,FULL_R0.005_ATR1.25_RR3.0_DL3,41093,39,2425,0.09,-10037.88,-37.88,-100.38,100.38,-0.2443,-1.0,,0.005,1.25,3.0,8.74,26.23,3
v2_backtest_atr_adx,FULL,FULL_R0.005_ATR1.5_RR1.5_DL1,147481,1710,17033,1.16,-10724.27,-724.26,-107.24,107.24,-0.0727,-1.0,,0.005,1.5,1.5,5.29,7.94,1
v2_backtest_atr_adx,FULL,FULL_R0.005_ATR1.5_RR1.5_DL2,68068,457,4230,0.67,-10093.75,-93.75,-100.94,100.94,-0.1483,-1.0,,0.005,1.5,1.5,9.1,13.65,2
v2_backtest_atr_adx,FULL,FULL_R0.005_ATR1.5_RR1.5_DL3,47470,205,1771,0.43,-9996.0,4.0,-99.96,99.96,-0.2106,-1.0,,0.005,1.5,1.5,10.55,15.83,3
v2_backtest_atr_adx,FULL,FULL_R0.005_ATR1.5_RR1.75_DL1,151483,1044,16843,0.69,-12315.97,-2315.96,-123.16,123.16,-0.0813,-1.0,,0.005,1.5,1.75,5.44,9.51,1
v2_backtest_atr_adx,FULL,FULL_R0.005_ATR1.5_RR1.75_DL2,69570,299,4199,0.43,-10101.5,-101.5,-101.01,101.01,-0.1452,-1.0,,0.005,1.5,1.75,9.19,16.08,2
v2_backtest_atr_adx,FULL,FULL_R0.005_ATR1.5_RR1.75_DL3,49590,143,1754,0.29,-9999.18,0.82,-99.99,99.99,-0.2016,-1.0,,0.005,1.5,1.75,10.64,18.63,3
v2_backtest_atr_adx,FULL,FULL_R0.005_ATR1.5_RR2.0_DL1,152301,674,15356,0.44,-32500.74,-22500.74,-325.01,325.01,-0.2134,-1.0,,0.005,1.5,2.0,5.65,11.28,1
v2_backtest_atr_adx,FULL,FULL_R0.005_ATR1.5_RR2.0_DL2,68409,232,4312,0.34,-10113.68,-113.68,-101.14,101.14,-0.1478,-1.0,,0.005,1.5,2.0,8.08,16.17,2
v2_backtest_atr_adx,FULL,FULL_R0.005_ATR1.5_RR2.0_DL3,50262,99,1833,0.2,-10005.98,-5.98,-100.06,100.06,-0.1991,-1.0,,0.005,1.5,2.0,10.56,21.13,3
v2_backtest_atr_adx,FULL,FULL_R0.005_ATR1.5_RR2.5_DL1,153440,346,15328,0.23,-61726.27,-51726.27,-617.26,617.26,-0.4023,-1.0,,0.005,1.5,2.5,5.37,13.42,1
v2_backtest_atr_adx,FULL,FULL_R0.005_ATR1.5_RR2.5_DL2,69850,132,4367,0.19,-10121.84,-121.84,-101.22,101.22,-0.1449,-1.0,,0.005,1.5,2.5,8.38,20.95,2
v2_backtest_atr_adx,FULL,FULL_R0.005_ATR1.5_RR2.5_DL3,51187,63,1847,0.12,-10009.91,-9.91,-100.1,100.1,-0.1956,-1.0,,0.005,1.5,2.5,11.03,27.56,3
v2_backtest_atr_adx,FULL,FULL_R0.005_ATR1.5_RR3.0_DL1,153859,224,15248,0.15,-62540.22,-52540.22,-625.4,625.4,-0.4065,-1.0,,0.005,1.5,3.0,5.4,16.17,1
v2_backtest_atr_adx,FULL,FULL_R0.005_ATR1.5_RR3.0_DL2,69836,80,4372,0.11,-10129.96,-129.96,-101.3,101.3,-0.1451,-1.0,,0.005,1.5,3.0,8.47,25.4,2
v2_backtest_atr_adx,FULL,FULL_R0.005_ATR1.5_RR3.0_DL3,51155,37,1853,0.07,-10013.29,-13.29,-100.13,100.13,-0.1957,-1.0,,0.005,1.5,3.0,11.15,33.43,3
v2_backtest_atr_adx,FULL,FULL_R0.005_ATR1.75_RR1.5_DL1,147925,1426,14271,0.96,-23360.1,-13360.1,-233.6,233.6,-0.1579,-1.0,,0.005,1.75,1.5,5.74,8.61,1
v2_backtest_atr_adx,FULL,FULL_R0.005_ATR1.75_RR1.5_DL2,74378,335,2869,0.45,-10043.07,-43.07,-100.43,100.43,-0.135,-1.0,,0.005,1.75,1.5,11.16,16.74,2
v2_backtest_atr_adx,FULL,FULL_R0.005_ATR1.75_RR1.5_DL3,57892,152,1249,0.26,-9945.13,54.87,-99.45,99.45,-0.1718,-1.0,,0.005,1.75,1.5,12.45,18.67,3
v2_backtest_atr_adx,FULL,FULL_R0.005_ATR1.75_RR1.75_DL1,151246,786,11701,0.52,-27035.66,-17035.66,-270.36,270.36,-0.1788,-1.0,,0.005,1.75,1.75,6.21,10.86,1
v2_backtest_atr_adx,FULL,FULL_R0.005_ATR1.75_RR1.75_DL2,74418,224,2891,0.3,-10050.67,-50.67,-100.51,100.51,-0.1351,-1.0,,0.005,1.75,1.75,10.24,17.93,2
v2_backtest_atr_adx,FULL,FULL_R0.005_ATR1.75_RR1.75_DL3,60584,104,1253,0.17,-9957.74,42.26,-99.58,99.58,-0.1644,-1.0,,0.005,1.75,1.75,12.77,22.36,3
v2_backtest_atr_adx,FULL,FULL_R0.005_ATR1.75_RR2.0_DL1,151781,564,12983,0.37,-11646.09,-1646.09,-116.46,116.46,-0.0767,-1.0,,0.005,1.75,2.0,6.55,13.08,1
v2_backtest_atr_adx,FULL,FULL_R0.005_ATR1.75_RR2.0_DL2,74746,170,2880,0.23,-10055.59,-55.59,-100.56,100.56,-0.1345,-1.0,,0.005,1.75,2.0,10.28,20.56,2
v2_backtest_atr_adx,FULL,FULL_R0.005_ATR1.75_RR2.0_DL3,61273,84,1325,0.14,-9973.06,26.94,-99.73,99.73,-0.1628,-1.0,,0.005,1.75,2.0,12.76,25.53,3
v2_backtest_atr_adx,FULL,FULL_R0.005_ATR1.75_RR2.5_DL1,153448,85,3386,0.06,-14468.29,-4468.29,-144.68,144.68,-0.0943,-1.0,,0.005,1.75,2.5,16.41,40.94,1
v2_backtest_atr_adx,FULL,FULL_R0.005_ATR1.75_RR2.5_DL2,79142,95,2912,0.12,-10059.98,-59.98,-100.6,100.6,-0.1271,-1.0,,0.005,1.75,2.5,11.7,29.25,2
v2_backtest_atr_adx,FULL,FULL_R0.005_ATR1.75_RR2.5_DL3,65589,51,1315,0.08,-9975.8,24.2,-99.76,99.76,-0.1521,-1.0,,0.005,1.75,2.5,14.35,35.89,3
v2_backtest_atr_adx,FULL,FULL_R0.005_ATR1.75_RR3.0_DL1,152933,165,11034,0.11,-27675.83,-17675.83,-276.76,276.76,-0.181,-1.0,,0.005,1.75,3.0,6.46,19.34,1
v2_backtest_atr_adx,FULL,FULL_R0.005_ATR1.75_RR3.0_DL2,80942,59,2973,0.07,-10067.33,-67.33,-100.67,100.67,-0.1244,-1.0,,0.005,1.75,3.0,11.66,35.0,2
v2_backtest_atr_adx,FULL,FULL_R0.005_ATR1.75_RR3.0_DL3,66911,26,1320,0.04,-9982.72,17.28,-99.83,99.83,-0.1492,-1.0,,0.005,1.75,3.0,14.36,43.07,3
v2_backtest_atr_adx,FULL,FULL_R0.005_ATR2.0_RR1.5_DL1,144028,1445,14043,1.0,-51785.99,-41785.99,-517.86,517.86,-0.3596,-1.0,,0.005,2.0,1.5,6.32,9.49,1
v2_backtest_atr_adx,FULL,FULL_R0.005_ATR2.0_RR1.5_DL2,81262,259,2240,0.32,-10015.52,-15.52,-100.16,100.16,-0.1232,-1.0,,0.005,2.0,1.5,12.4,18.61,2
v2_backtest_atr_adx,FULL,FULL_R0.005_ATR2.0_RR1.5_DL3,69049,118,870,0.17,-9712.75,287.25,-97.13,97.15,-0.1407,-0.9997,,0.005,2.0,1.5,14.97,22.47,3
v2_backtest_atr_adx,FULL,FULL_R0.005_ATR2.0_RR1.75_DL1,148487,860,13930,0.58,-11175.21,-1175.21,-111.75,111.75,-0.0753,-1.0,,0.005,2.0,1.75,7.09,12.41,1
v2_backtest_atr_adx,FULL,FULL_R0.005_ATR2.0_RR1.75_DL2,82677,182,2297,0.22,-10023.78,-23.78,-100.24,100.24,-0.1212,-1.0,,0.005,2.0,1.75,12.58,22.01,2
v2_backtest_atr_adx,FULL,FULL_R0.005_ATR2.0_RR1.75_DL3,70819,89,949,0.13,-9837.51,162.49,-98.38,98.39,-0.1389,-0.9998,,0.005,2.0,1.75,15.06,26.35,3
v2_backtest_atr_adx,FULL,FULL_R0.005_ATR2.0_RR2.0_DL1,150157,353,8667,0.24,-10750.09,-750.09,-107.5,107.5,-0.0716,-1.0,,0.005,2.0,2.0,11.51,23.0,1
v2_backtest_atr_adx,FULL,FULL_R0.005_ATR2.0_RR2.0_DL2,89651,132,2195,0.15,-10022.03,-22.03,-100.22,100.22,-0.1118,-1.0,,0.005,2.0,2.0,16.14,32.26,2
v2_backtest_atr_adx,FULL,FULL_R0.005_ATR2.0_RR2.0_DL3,79673,61,887,0.08,-9814.81,185.19,-98.15,98.15,-0.1232,-1.0,,0.005,2.0,2.0,19.35,38.69,3
v2_backtest_atr_adx,FULL,FULL_R0.005_ATR2.0_RR2.5_DL1,153234,415,16270,0.27,-15993.82,-5993.82,-159.94,159.94,-0.1044,-1.0,,0.005,2.0,2.5,6.06,15.16,1
v2_backtest_atr_adx,FULL,FULL_R0.005_ATR2.0_RR2.5_DL2,93019,69,2209,0.07,-10029.77,-29.77,-100.3,100.3,-0.1078,-1.0,,0.005,2.0,2.5,16.38,40.95,2
v2_backtest_atr_adx,FULL,FULL_R0.005_ATR2.0_RR2.5_DL3,81142,35,894,0.04,-9853.1,146.9,-98.53,98.53,-0.1214,-1.0,,0.005,2.0,2.5,19.62,49.04,3
v2_backtest_atr_adx,FULL,FULL_R0.005_ATR2.0_RR3.0_DL1,153169,114,8142,0.07,-18009.16,-8009.16,-180.09,180.09,-0.1176,-1.0,,0.005,2.0,3.0,8.93,26.78,1
v2_backtest_atr_adx,FULL,FULL_R0.005_ATR2.0_RR3.0_DL2,94512,47,2211,0.05,-10031.81,-31.81,-100.32,100.32,-0.1061,-1.0,,0.005,2.0,3.0,16.38,49.13,2
v2_backtest_atr_adx,FULL,FULL_R0.005_ATR2.0_RR3.0_DL3,82997,20,894,0.02,-9874.8,125.2,-98.75,98.75,-0.119,-1.0,,0.005,2.0,3.0,19.53,58.57,3
v2_backtest_atr_adx,FULL,FULL_R0.005_ATR2.25_RR1.5_DL1,144663,1073,10975,0.74,-10950.14,-950.14,-109.5,109.51,-0.0757,-1.0,,0.005,2.25,1.5,8.43,12.64,1
v2_backtest_atr_adx,FULL,FULL_R0.005_ATR2.25_RR1.5_DL2,88489,204,1687,0.23,-9992.15,7.85,-99.92,99.93,-0.1129,-1.0,,0.005,2.25,1.5,14.14,21.21,2
v2_backtest_atr_adx,FULL,FULL_R0.005_ATR2.25_RR1.5_DL3,77104,110,779,0.14,-9571.28,428.72,-95.71,95.75,-0.1241,-0.9996,,0.005,2.25,1.5,16.49,24.73,3
v2_backtest_atr_adx,FULL,FULL_R0.005_ATR2.25_RR1.75_DL1,149166,392,6453,0.26,-10776.77,-776.77,-107.77,107.77,-0.0722,-1.0,,0.005,2.25,1.75,14.44,25.27,1
v2_backtest_atr_adx,FULL,FULL_R0.005_ATR2.25_RR1.75_DL2,89599,141,1693,0.16,-9996.07,3.93,-99.96,99.96,-0.1116,-1.0,,0.005,2.25,1.75,14.14,24.74,2
v2_backtest_atr_adx,FULL,FULL_R0.005_ATR2.25_RR1.75_DL3,82821,78,751,0.09,-9575.51,424.49,-95.76,95.79,-0.1156,-0.9996,,0.005,2.25,1.75,17.82,31.19,3
v2_backtest_atr_adx,FULL,FULL_R0.005_ATR2.25_RR2.0_DL1,152230,179,3863,0.12,-10708.63,-708.63,-107.09,107.09,-0.0703,-1.0,,0.005,2.25,2.0,20.77,41.54,1
v2_backtest_atr_adx,FULL,FULL_R0.005_ATR2.25_RR2.0_DL2,89892,101,1697,0.11,-9999.39,0.61,-99.99,100.0,-0.1112,-1.0,,0.005,2.25,2.0,14.15,28.3,2
v2_backtest_atr_adx,FULL,FULL_R0.005_ATR2.25_RR2.0_DL3,82791,62,760,0.07,-9623.56,376.44,-96.24,96.23,-0.1162,-1.0,,0.005,2.25,2.0,17.77,35.55,3
v2_backtest_atr_adx,FULL,FULL_R0.005_ATR2.25_RR2.5_DL1,155890,43,1497,0.03,-13920.17,-3920.17,-139.2,139.3,-0.0893,-0.9993,,0.005,2.25,2.5,25.2,62.96,1
v2_backtest_atr_adx,FULL,FULL_R0.005_ATR2.25_RR2.5_DL2,93801,58,1714,0.06,-10003.85,-3.85,-100.04,100.04,-0.1066,-1.0,,0.005,2.25,2.5,14.39,35.98,2
v2_backtest_atr_adx,FULL,FULL_R0.005_ATR2.25_RR2.5_DL3,85890,34,756,0.04,-9685.85,314.15,-96.86,96.86,-0.1128,-1.0,,0.005,2.25,2.5,17.86,44.67,3
v2_backtest_atr_adx,FULL,FULL_R0.005_ATR2.25_RR3.0_DL1,156225,3,233,0.0,-8523.89,1476.11,-85.24,85.24,-0.0546,-1.0,,0.005,2.25,3.0,27.11,81.34,1
v2_backtest_atr_adx,FULL,FULL_R0.005_ATR2.25_RR3.0_DL2,94160,40,1715,0.04,-10006.68,-6.68,-100.07,100.07,-0.1063,-1.0,,0.005,2.25,3.0,14.41,43.23,2
v2_backtest_atr_adx,FULL,FULL_R0.005_ATR2.25_RR3.0_DL3,86812,21,758,0.02,-9730.0,270.0,-97.3,97.3,-0.1121,-1.0,,0.005,2.25,3.0,17.86,53.58,3
v2_backtest_atr_adx,FULL,FULL_R0.005_ATR2.5_RR1.5_DL1,147463,925,9269,0.63,-10978.2,-978.2,-109.78,109.76,-0.0744,-1.0002,,0.005,2.5,1.5,11.65,17.48,1
v2_backtest_atr_adx,FULL,FULL_R0.005_ATR2.5_RR1.5_DL2,92979,173,1379,0.19,-9970.02,29.98,-99.7,99.7,-0.1072,-1.0,,0.005,2.5,1.5,15.57,23.36,2
v2_backtest_atr_adx,FULL,FULL_R0.005_ATR2.5_RR1.5_DL3,82501,93,593,0.11,-9006.63,993.37,-90.07,90.21,-0.1092,-0.9984,,0.005,2.5,1.5,17.93,26.89,3
v2_backtest_atr_adx,FULL,FULL_R0.005_ATR2.5_RR1.75_DL1,152036,190,3267,0.12,-11349.97,-1349.97,-113.5,113.5,-0.0747,-1.0,,0.005,2.5,1.75,23.18,40.55,1
v2_backtest_atr_adx,FULL,FULL_R0.005_ATR2.5_RR1.75_DL2,94735,121,1385,0.13,-9977.26,22.74,-99.77,99.78,-0.1053,-1.0,,0.005,2.5,1.75,15.61,27.31,2
v2_backtest_atr_adx,FULL,FULL_R0.005_ATR2.5_RR1.75_DL3,90942,64,567,0.07,-9019.4,980.6,-90.19,90.41,-0.0992,-0.9976,,0.005,2.5,1.75,21.53,37.68,3
v2_backtest_atr_adx,FULL,FULL_R0.005_ATR2.5_RR2.0_DL1,153067,157,3525,0.1,-18811.13,-8811.13,-188.11,188.11,-0.1229,-1.0,,0.005,2.5,2.0,23.04,46.06,1
v2_backtest_atr_adx,FULL,FULL_R0.005_ATR2.5_RR2.0_DL2,95894,84,1394,0.09,-9982.31,17.69,-99.82,99.82,-0.1041,-1.0,,0.005,2.5,2.0,15.78,31.54,2
v2_backtest_atr_adx,FULL,FULL_R0.005_ATR2.5_RR2.0_DL3,91528,47,571,0.05,-9123.69,876.31,-91.24,91.24,-0.0997,-1.0,,0.005,2.5,2.0,21.47,42.94,3
v2_backtest_atr_adx,FULL,FULL_R0.005_ATR2.5_RR2.5_DL1,155896,42,1399,0.03,-21043.47,-11043.47,-210.43,210.74,-0.135,-0.9985,,0.005,2.5,2.5,28.47,71.16,1
v2_backtest_atr_adx,FULL,FULL_R0.005_ATR2.5_RR2.5_DL2,100659,48,1390,0.05,-9988.41,11.59,-99.88,99.88,-0.0992,-1.0,,0.005,2.5,2.5,16.51,41.26,2
v2_backtest_atr_adx,FULL,FULL_R0.005_ATR2.5_RR2.5_DL3,95830,25,560,0.03,-9221.51,778.49,-92.22,92.23,-0.0962,-0.9998,,0.005,2.5,2.5,22.15,55.37,3
v2_backtest_atr_adx,FULL,FULL_R0.005_ATR2.5_RR3.0_DL1,156225,1,165,0.0,-6655.32,3344.68,-66.55,66.55,-0.0426,-1.0001,,0.005,2.5,3.0,30.27,90.81,1
v2_backtest_atr_adx,FULL,FULL_R0.005_ATR2.5_RR3.0_DL2,100655,28,1393,0.03,-9990.77,9.23,-99.91,99.91,-0.0993,-1.0,,0.005,2.5,3.0,16.49,49.48,2
v2_backtest_atr_adx,FULL,FULL_R0.005_ATR2.5_RR3.0_DL3,95903,20,561,0.02,-9237.77,762.23,-92.38,92.41,-0.0963,-0.9996,,0.005,2.5,3.0,22.14,66.42,3
v2_backtest_atr_adx,FULL,FULL_R0.015_ATR1.0_RR1.5_DL1,150106,2319,22921,1.54,-182374.09,-172374.09,-1823.74,1823.74,-1.215,-1.0,,0.015,1.0,1.5,4.48,6.73,1
v2_backtest_atr_adx,FULL,FULL_R0.015_ATR1.0_RR1.5_DL2,57445,790,7454,1.38,-10280.7,-280.7,-102.81,102.81,-0.179,-1.0,,0.015,1.0,1.5,5.09,7.64,2
v2_backtest_atr_adx,FULL,FULL_R0.015_ATR1.0_RR1.5_DL3,31188,311,2836,1.0,-10082.09,-82.09,-100.82,100.82,-0.3233,-1.0,,0.015,1.0,1.5,5.16,7.75,3
v2_backtest_atr_adx,FULL,FULL_R0.015_ATR1.0_RR1.75_DL1,152322,1529,23029,1.0,-192349.67,-182349.67,-1923.5,1923.5,-1.2628,-1.0,,0.015,1.0,1.75,4.5,7.88,1
v2_backtest_atr_adx,FULL,FULL_R0.015_ATR1.0_RR1.75_DL2,58045,531,7573,0.91,-10301.45,-301.45,-103.01,103.01,-0.1775,-1.0,,0.015,1.0,1.75,5.08,8.89,2
v2_backtest_atr_adx,FULL,FULL_R0.015_ATR1.0_RR1.75_DL3,31430,225,2936,0.72,-10090.39,-90.39,-100.9,100.9,-0.321,-1.0,,0.015,1.0,1.75,5.11,8.95,3
v2_backtest_atr_adx,FULL,FULL_R0.015_ATR1.0_RR2.0_DL1,153192,1085,23284,0.71,-197127.31,-187127.31,-1971.27,1970.7,-1.2868,-1.0003,,0.015,1.0,2.0,4.49,8.98,1
v2_backtest_atr_adx,FULL,FULL_R0.015_ATR1.0_RR2.0_DL2,58577,391,7731,0.67,-10392.61,-392.61,-103.93,103.93,-0.1774,-1.0,,0.015,1.0,2.0,5.07,10.15,2
v2_backtest_atr_adx,FULL,FULL_R0.015_ATR1.0_RR2.0_DL3,31942,164,2989,0.51,-10409.83,-409.83,-104.1,104.1,-0.3259,-1.0,,0.015,1.0,2.0,5.12,10.24,3
v2_backtest_atr_adx,FULL,FULL_R0.015_ATR1.0_RR2.5_DL1,153640,624,24199,0.41,-504580.14,-494580.14,-5045.8,5045.8,-3.2842,-1.0,,0.015,1.0,2.5,4.32,10.81,1
v2_backtest_atr_adx,FULL,FULL_R0.015_ATR1.0_RR2.5_DL2,59520,233,7945,0.39,-10413.95,-413.95,-104.14,104.14,-0.175,-1.0,,0.015,1.0,2.5,4.98,12.46,2
v2_backtest_atr_adx,FULL,FULL_R0.015_ATR1.0_RR2.5_DL3,32580,92,3018,0.28,-10445.89,-445.89,-104.46,104.46,-0.3206,-1.0,,0.015,1.0,2.5,5.24,13.11,3
v2_backtest_atr_adx,FULL,FULL_R0.015_ATR1.0_RR3.0_DL1,154089,369,23849,0.24,-520419.53,-510419.53,-5204.2,5204.2,-3.3774,-1.0,,0.015,1.0,3.0,4.34,13.04,1
v2_backtest_atr_adx,FULL,FULL_R0.015_ATR1.0_RR3.0_DL2,59195,138,8003,0.23,-10470.55,-470.54,-104.71,104.71,-0.1769,-1.0,,0.015,1.0,3.0,4.8,14.39,2
v2_backtest_atr_adx,FULL,FULL_R0.015_ATR1.0_RR3.0_DL3,33282,56,3012,0.17,-10614.45,-614.45,-106.14,106.14,-0.3189,-1.0,,0.015,1.0,3.0,5.64,16.93,3
v2_backtest_atr_adx,FULL,FULL_R0.015_ATR1.25_RR1.5_DL1,148091,2096,20649,1.42,-107202.42,-97202.42,-1072.02,1072.02,-0.7239,-1.0,,0.015,1.25,1.5,4.69,7.02,1
v2_backtest_atr_adx,FULL,FULL_R0.015_ATR1.25_RR1.5_DL2,61299,603,5875,0.98,-10289.2,-289.2,-102.89,102.89,-0.1679,-1.0,,0.015,1.25,1.5,6.84,10.26,2
v2_backtest_atr_adx,FULL,FULL_R0.015_ATR1.25_RR1.5_DL3,34724,265,2363,0.76,-10073.68,-73.68,-100.74,100.74,-0.2901,-1.0,,0.015,1.25,1.5,6.27,9.41,3
v2_backtest_atr_adx,FULL,FULL_R0.015_ATR1.25_RR1.75_DL1,151403,1325,20316,0.88,-114501.19,-104501.19,-1145.01,1145.01,-0.7563,-1.0,,0.015,1.25,1.75,4.79,8.38,1
v2_backtest_atr_adx,FULL,FULL_R0.015_ATR1.25_RR1.75_DL2,62073,427,6025,0.69,-10306.77,-306.77,-103.07,103.07,-0.166,-1.0,,0.015,1.25,1.75,6.83,11.95,2
v2_backtest_atr_adx,FULL,FULL_R0.015_ATR1.25_RR1.75_DL3,35364,191,2412,0.54,-10081.49,-81.49,-100.81,100.81,-0.2851,-1.0,,0.015,1.25,1.75,6.33,11.08,3
v2_backtest_atr_adx,FULL,FULL_R0.015_ATR1.25_RR2.0_DL1,153198,962,21583,0.63,-282997.81,-272997.81,-2829.98,2829.98,-1.8473,-1.0,,0.015,1.25,2.0,4.63,9.27,1
v2_backtest_atr_adx,FULL,FULL_R0.015_ATR1.25_RR2.0_DL2,62989,310,6068,0.49,-10357.59,-357.59,-103.58,103.58,-0.1644,-1.0,,0.015,1.25,2.0,6.86,13.72,2
v2_backtest_atr_adx,FULL,FULL_R0.015_ATR1.25_RR2.0_DL3,36509,138,2452,0.38,-10463.03,-463.03,-104.63,104.63,-0.2866,-1.0,,0.015,1.25,2.0,6.44,12.87,3
v2_backtest_atr_adx,FULL,FULL_R0.015_ATR1.25_RR2.5_DL1,153429,488,20551,0.32,-298668.25,-288668.25,-2986.68,2986.68,-1.9466,-1.0,,0.015,1.25,2.5,4.71,11.8,1
v2_backtest_atr_adx,FULL,FULL_R0.015_ATR1.25_RR2.5_DL2,61791,179,6421,0.29,-10390.01,-390.01,-103.9,103.9,-0.1681,-1.0,,0.015,1.25,2.5,5.63,14.08,2
v2_backtest_atr_adx,FULL,FULL_R0.015_ATR1.25_RR2.5_DL3,39914,68,2424,0.17,-10498.22,-498.22,-104.98,104.98,-0.263,-1.0,,0.015,1.25,2.5,8.26,20.64,3
v2_backtest_atr_adx,FULL,FULL_R0.015_ATR1.25_RR3.0_DL1,153698,289,20143,0.19,-309243.26,-299243.26,-3092.43,3092.43,-2.012,-1.0,,0.015,1.25,3.0,4.76,14.31,1
v2_backtest_atr_adx,FULL,FULL_R0.015_ATR1.25_RR3.0_DL2,62317,111,6417,0.18,-10439.11,-439.11,-104.39,104.39,-0.1675,-1.0,,0.015,1.25,3.0,5.73,17.18,2
v2_backtest_atr_adx,FULL,FULL_R0.015_ATR1.25_RR3.0_DL3,41093,39,2425,0.09,-10705.05,-705.05,-107.05,107.05,-0.2605,-1.0,,0.015,1.25,3.0,8.74,26.23,3
v2_backtest_atr_adx,FULL,FULL_R0.015_ATR1.5_RR1.5_DL1,147481,1710,17033,1.16,-12389.22,-2389.22,-123.89,123.89,-0.084,-1.0,,0.015,1.5,1.5,5.29,7.94,1
v2_backtest_atr_adx,FULL,FULL_R0.015_ATR1.5_RR1.5_DL2,68068,457,4230,0.67,-10329.2,-329.2,-103.29,103.29,-0.1517,-1.0,,0.015,1.5,1.5,9.1,13.65,2
v2_backtest_atr_adx,FULL,FULL_R0.015_ATR1.5_RR1.5_DL3,47470,205,1771,0.43,-10051.48,-51.48,-100.51,100.51,-0.2117,-1.0,,0.015,1.5,1.5,10.55,15.83,3
v2_backtest_atr_adx,FULL,FULL_R0.015_ATR1.5_RR1.75_DL1,151483,1044,16843,0.69,-12337.83,-2337.83,-123.38,123.38,-0.0814,-1.0,,0.015,1.5,1.75,5.44,9.51,1
v2_backtest_atr_adx,FULL,FULL_R0.015_ATR1.5_RR1.75_DL2,69570,299,4199,0.43,-10368.07,-368.07,-103.68,103.68,-0.149,-1.0,,0.015,1.5,1.75,9.19,16.08,2
v2_backtest_atr_adx,FULL,FULL_R0.015_ATR1.5_RR1.75_DL3,49590,143,1754,0.29,-10076.91,-76.91,-100.77,100.77,-0.2032,-1.0,,0.015,1.5,1.75,10.64,18.63,3
v2_backtest_atr_adx,FULL,FULL_R0.015_ATR1.5_RR2.0_DL1,152301,674,15356,0.44,-11120.74,-1120.73,-111.21,111.21,-0.073,-1.0,,0.015,1.5,2.0,5.65,11.28,1
v2_backtest_atr_adx,FULL,FULL_R0.015_ATR1.5_RR2.0_DL2,68409,232,4312,0.34,-10532.6,-532.6,-105.33,105.33,-0.154,-1.0,,0.015,1.5,2.0,8.08,16.17,2
v2_backtest_atr_adx,FULL,FULL_R0.015_ATR1.5_RR2.0_DL3,50262,99,1833,0.2,-10595.28,-595.28,-105.95,105.95,-0.2108,-1.0,,0.015,1.5,2.0,10.56,21.13,3
v2_backtest_atr_adx,FULL,FULL_R0.015_ATR1.5_RR2.5_DL1,153440,346,15328,0.23,-184130.95,-174130.95,-1841.31,1842.71,-1.2,-0.9992,,0.015,1.5,2.5,5.37,13.42,1
v2_backtest_atr_adx,FULL,FULL_R0.015_ATR1.5_RR2.5_DL2,69850,132,4367,0.19,-10526.81,-526.8,-105.27,105.27,-0.1507,-1.0,,0.015,1.5,2.5,8.38,20.95,2
v2_backtest_atr_adx,FULL,FULL_R0.015_ATR1.5_RR2.5_DL3,51187,63,1847,0.12,-10642.65,-642.65,-106.43,106.43,-0.2079,-1.0,,0.015,1.5,2.5,11.03,27.56,3
v2_backtest_atr_adx,FULL,FULL_R0.015_ATR1.5_RR3.0_DL1,153859,224,15248,0.15,-186561.89,-176561.89,-1865.62,1868.45,-1.2126,-0.9985,,0.015,1.5,3.0,5.4,16.17,1
v2_backtest_atr_adx,FULL,FULL_R0.015_ATR1.5_RR3.0_DL2,69836,80,4372,0.11,-10657.49,-657.49,-106.57,106.57,-0.1526,-1.0,,0.015,1.5,3.0,8.47,25.4,2
v2_backtest_atr_adx,FULL,FULL_R0.015_ATR1.5_RR3.0_DL3,51155,37,1853,0.07,-10930.5,-930.5,-109.3,109.3,-0.2137,-1.0,,0.015,1.5,3.0,11.15,33.43,3
v2_backtest_atr_adx,FULL,FULL_R0.015_ATR1.75_RR1.5_DL1,147925,1426,14271,0.96,-13594.55,-3594.55,-135.95,135.95,-0.0919,-1.0,,0.015,1.75,1.5,5.74,8.61,1
v2_backtest_atr_adx,FULL,FULL_R0.015_ATR1.75_RR1.5_DL2,74378,335,2869,0.45,-10368.55,-368.55,-103.69,103.69,-0.1394,-1.0,,0.015,1.75,1.5,11.16,16.74,2
v2_backtest_atr_adx,FULL,FULL_R0.015_ATR1.75_RR1.5_DL3,57892,152,1249,0.26,-10029.46,-29.46,-100.29,100.29,-0.1732,-1.0,,0.015,1.75,1.5,12.45,18.67,3
v2_backtest_atr_adx,FULL,FULL_R0.015_ATR1.75_RR1.75_DL1,151246,786,11701,0.52,-19277.39,-9277.39,-192.77,192.77,-0.1275,-1.0,,0.015,1.75,1.75,6.21,10.86,1
v2_backtest_atr_adx,FULL,FULL_R0.015_ATR1.75_RR1.75_DL2,74418,224,2891,0.3,-10456.1,-456.1,-104.56,104.56,-0.1405,-1.0,,0.015,1.75,1.75,10.24,17.93,2
v2_backtest_atr_adx,FULL,FULL_R0.015_ATR1.75_RR1.75_DL3,60584,104,1253,0.17,-10032.24,-32.24,-100.32,100.32,-0.1656,-1.0,,0.015,1.75,1.75,12.77,22.36,3
v2_backtest_atr_adx,FULL,FULL_R0.015_ATR1.75_RR2.0_DL1,151781,564,12983,0.37,-10974.45,-974.45,-109.74,109.75,-0.0723,-1.0,,0.015,1.75,2.0,6.55,13.08,1
v2_backtest_atr_adx,FULL,FULL_R0.015_ATR1.75_RR2.0_DL2,74746,170,2880,0.23,-10612.79,-612.79,-106.13,106.13,-0.142,-1.0,,0.015,1.75,2.0,10.28,20.56,2
v2_backtest_atr_adx,FULL,FULL_R0.015_ATR1.75_RR2.0_DL3,61273,84,1325,0.14,-10680.4,-680.4,-106.8,106.8,-0.1743,-1.0,,0.015,1.75,2.0,12.76,25.53,3
v2_backtest_atr_adx,FULL,FULL_R0.015_ATR1.75_RR2.5_DL1,153448,85,3386,0.06,-43136.64,-33136.64,-431.37,433.52,-0.2811,-0.995,,0.015,1.75,2.5,16.41,40.94,1
v2_backtest_atr_adx,FULL,FULL_R0.015_ATR1.75_RR2.5_DL2,79142,95,2912,0.12,-10631.5,-631.5,-106.31,106.32,-0.1343,-1.0,,0.015,1.75,2.5,11.7,29.25,2
v2_backtest_atr_adx,FULL,FULL_R0.015_ATR1.75_RR2.5_DL3,65589,51,1315,0.08,-10735.0,-735.0,-107.35,107.35,-0.1637,-1.0,,0.015,1.75,2.5,14.35,35.89,3
v2_backtest_atr_adx,FULL,FULL_R0.015_ATR1.75_RR3.0_DL1,152933,165,11034,0.11,-82112.23,-72112.23,-821.12,821.12,-0.5369,-1.0,,0.015,1.75,3.0,6.46,19.34,1
v2_backtest_atr_adx,FULL,FULL_R0.015_ATR1.75_RR3.0_DL2,80942,59,2973,0.07,-10857.13,-857.13,-108.57,108.57,-0.1341,-1.0,,0.015,1.75,3.0,11.66,35.0,2
v2_backtest_atr_adx,FULL,FULL_R0.015_ATR1.75_RR3.0_DL3,66911,26,1320,0.04,-11076.71,-1076.71,-110.77,110.77,-0.1655,-1.0,,0.015,1.75,3.0,14.36,43.07,3
v2_backtest_atr_adx,FULL,FULL_R0.015_ATR2.0_RR1.5_DL1,144028,1445,14043,1.0,-39481.77,-29481.77,-394.82,394.82,-0.2741,-1.0,,0.015,2.0,1.5,6.32,9.49,1
v2_backtest_atr_adx,FULL,FULL_R0.015_ATR2.0_RR1.5_DL2,81262,259,2240,0.32,-10603.21,-603.21,-106.03,105.99,-0.1305,-1.0004,,0.015,2.0,1.5,12.4,18.61,2
v2_backtest_atr_adx,FULL,FULL_R0.015_ATR2.0_RR1.5_DL3,69049,118,870,0.17,-10008.98,-8.98,-100.09,100.09,-0.145,-1.0,,0.015,2.0,1.5,14.97,22.47,3
v2_backtest_atr_adx,FULL,FULL_R0.015_ATR2.0_RR1.75_DL1,148487,860,13930,0.58,-15447.71,-5447.7,-154.48,154.48,-0.104,-1.0,,0.015,2.0,1.75,7.09,12.41,1
v2_backtest_atr_adx,FULL,FULL_R0.015_ATR2.0_RR1.75_DL2,82677,182,2297,0.22,-10685.56,-685.56,-106.86,106.79,-0.1292,-1.0007,,0.015,2.0,1.75,12.58,22.01,2
v2_backtest_atr_adx,FULL,FULL_R0.015_ATR2.0_RR1.75_DL3,70819,89,949,0.13,-10158.2,-158.2,-101.58,101.57,-0.1434,-1.0002,,0.015,2.0,1.75,15.06,26.35,3
v2_backtest_atr_adx,FULL,FULL_R0.015_ATR2.0_RR2.0_DL1,150157,353,8667,0.24,-26159.65,-16159.65,-261.6,261.6,-0.1742,-1.0,,0.015,2.0,2.0,11.51,23.0,1
v2_backtest_atr_adx,FULL,FULL_R0.015_ATR2.0_RR2.0_DL2,89651,132,2195,0.15,-11058.28,-1058.28,-110.58,110.59,-0.1233,-1.0,,0.015,2.0,2.0,16.14,32.26,2
v2_backtest_atr_adx,FULL,FULL_R0.015_ATR2.0_RR2.0_DL3,79673,61,887,0.08,-10068.0,-68.0,-100.68,100.68,-0.1264,-1.0,,0.015,2.0,2.0,19.35,38.69,3
v2_backtest_atr_adx,FULL,FULL_R0.015_ATR2.0_RR2.5_DL1,153234,415,16270,0.27,-46696.81,-36696.81,-466.97,466.97,-0.3047,-1.0,,0.015,2.0,2.5,6.06,15.16,1
v2_backtest_atr_adx,FULL,FULL_R0.015_ATR2.0_RR2.5_DL2,93019,69,2209,0.07,-11035.63,-1035.63,-110.36,110.36,-0.1186,-1.0,,0.015,2.0,2.5,16.38,40.95,2
v2_backtest_atr_adx,FULL,FULL_R0.015_ATR2.0_RR2.5_DL3,81142,35,894,0.04,-10352.4,-352.4,-103.52,103.52,-0.1276,-1.0,,0.015,2.0,2.5,19.62,49.04,3
v2_backtest_atr_adx,FULL,FULL_R0.015_ATR2.0_RR3.0_DL1,153169,114,8142,0.07,-53305.63,-43305.63,-533.06,533.95,-0.348,-0.9983,,0.015,2.0,3.0,8.93,26.78,1
v2_backtest_atr_adx,FULL,FULL_R0.015_ATR2.0_RR3.0_DL2,94512,47,2211,0.05,-11425.56,-1425.56,-114.26,114.26,-0.1209,-1.0,,0.015,2.0,3.0,16.38,49.13,2
v2_backtest_atr_adx,FULL,FULL_R0.015_ATR2.0_RR3.0_DL3,82997,20,894,0.02,-10553.65,-553.65,-105.54,105.54,-0.1272,-1.0,,0.015,2.0,3.0,19.53,58.57,3
v2_backtest_atr_adx,FULL,FULL_R0.015_ATR2.25_RR1.5_DL1,144663,1073,10975,0.74,-19328.39,-9328.39,-193.28,193.29,-0.1336,-1.0,,0.015,2.25,1.5,8.43,12.64,1
v2_backtest_atr_adx,FULL,FULL_R0.015_ATR2.25_RR1.5_DL2,88489,204,1687,0.23,-10599.27,-599.27,-105.99,105.95,-0.1198,-1.0004,,0.015,2.25,1.5,14.14,21.21,2
v2_backtest_atr_adx,FULL,FULL_R0.015_ATR2.25_RR1.5_DL3,77104,110,779,0.14,-10005.17,-5.17,-100.05,100.05,-0.1298,-1.0,,0.015,2.25,1.5,16.49,24.73,3
v2_backtest_atr_adx,FULL,FULL_R0.015_ATR2.25_RR1.75_DL1,149166,392,6453,0.26,-16008.7,-6008.7,-160.09,160.09,-0.1073,-1.0,,0.015,2.25,1.75,14.44,25.27,1
v2_backtest_atr_adx,FULL,FULL_R0.015_ATR2.25_RR1.75_DL2,89599,141,1693,0.16,-10690.63,-690.63,-106.91,106.91,-0.1193,-1.0,,0.015,2.25,1.75,14.14,24.74,2
v2_backtest_atr_adx,FULL,FULL_R0.015_ATR2.25_RR1.75_DL3,82821,78,751,0.09,-10005.4,-5.4,-100.05,100.05,-0.1208,-1.0,,0.015,2.25,1.75,17.82,31.19,3
v2_backtest_atr_adx,FULL,FULL_R0.015_ATR2.25_RR2.0_DL1,152230,179,3863,0.12,-16642.61,-6642.61,-166.43,167.86,-0.1093,-0.9914,,0.015,2.25,2.0,20.77,41.54,1
v2_backtest_atr_adx,FULL,FULL_R0.015_ATR2.25_RR2.0_DL2,89892,101,1697,0.11,-11098.23,-1098.23,-110.98,110.98,-0.1235,-1.0,,0.015,2.25,2.0,14.15,28.3,2
v2_backtest_atr_adx,FULL,FULL_R0.015_ATR2.25_RR2.0_DL3,82791,62,760,0.07,-10008.38,-8.38,-100.08,100.08,-0.1209,-1.0,,0.015,2.25,2.0,17.77,35.55,3
v2_backtest_atr_adx,FULL,FULL_R0.015_ATR2.25_RR2.5_DL1,155890,43,1497,0.03,-23385.57,-13385.57,-233.86,236.92,-0.15,-0.987,,0.015,2.25,2.5,25.2,62.96,1
v2_backtest_atr_adx,FULL,FULL_R0.015_ATR2.25_RR2.5_DL2,93801,58,1714,0.06,-11104.67,-1104.67,-111.05,111.05,-0.1184,-1.0,,0.015,2.25,2.5,14.39,35.98,2
v2_backtest_atr_adx,FULL,FULL_R0.015_ATR2.25_RR2.5_DL3,85890,34,756,0.04,-10011.2,-11.2,-100.11,100.11,-0.1166,-1.0,,0.015,2.25,2.5,17.86,44.67,3
v2_backtest_atr_adx,FULL,FULL_R0.015_ATR2.25_RR3.0_DL1,156225,3,233,0.0,-23559.35,-13559.35,-235.59,239.92,-0.1508,-0.982,,0.015,2.25,3.0,27.11,81.34,1
v2_backtest_atr_adx,FULL,FULL_R0.015_ATR2.25_RR3.0_DL2,94160,40,1715,0.04,-11529.87,-1529.87,-115.3,115.3,-0.1224,-1.0,,0.015,2.25,3.0,14.41,43.23,2
v2_backtest_atr_adx,FULL,FULL_R0.015_ATR2.25_RR3.0_DL3,86812,21,758,0.02,-10018.06,-18.06,-100.18,100.18,-0.1154,-1.0,,0.015,2.25,3.0,17.86,53.58,3
v2_backtest_atr_adx,FULL,FULL_R0.015_ATR2.5_RR1.5_DL1,147463,925,9269,0.63,-26413.44,-16413.44,-264.13,262.91,-0.1791,-1.0046,,0.015,2.5,1.5,11.65,17.48,1
v2_backtest_atr_adx,FULL,FULL_R0.015_ATR2.5_RR1.5_DL2,92979,173,1379,0.19,-10037.42,-37.42,-100.37,100.38,-0.108,-1.0,,0.015,2.5,1.5,15.57,23.36,2
v2_backtest_atr_adx,FULL,FULL_R0.015_ATR2.5_RR1.5_DL3,82501,93,593,0.11,-9992.44,7.56,-99.92,99.93,-0.1211,-1.0,,0.015,2.5,1.5,17.93,26.89,3
v2_backtest_atr_adx,FULL,FULL_R0.015_ATR2.5_RR1.75_DL1,152036,190,3267,0.12,-10477.16,-477.16,-104.77,106.07,-0.0689,-0.9878,,0.015,2.5,1.75,23.18,40.55,1
v2_backtest_atr_adx,FULL,FULL_R0.015_ATR2.5_RR1.75_DL2,94735,121,1385,0.13,-10046.72,-46.72,-100.47,100.47,-0.1061,-1.0,,0.015,2.5,1.75,15.61,27.31,2
v2_backtest_atr_adx,FULL,FULL_R0.015_ATR2.5_RR1.75_DL3,90942,64,567,0.07,-9993.17,6.83,-99.93,99.93,-0.1099,-1.0,,0.015,2.5,1.75,21.53,37.68,3
v2_backtest_atr_adx,FULL,FULL_R0.015_ATR2.5_RR2.0_DL1,153067,157,3525,0.1,-14843.09,-4843.09,-148.43,150.0,-0.097,-0.9895,,0.015,2.5,2.0,23.04,46.06,1
v2_backtest_atr_adx,FULL,FULL_R0.015_ATR2.5_RR2.0_DL2,95894,84,1394,0.09,-10048.01,-48.01,-100.48,100.48,-0.1048,-1.0,,0.015,2.5,2.0,15.78,31.54,2
v2_backtest_atr_adx,FULL,FULL_R0.015_ATR2.5_RR2.0_DL3,91528,47,571,0.05,-9996.08,3.92,-99.96,99.96,-0.1092,-1.0,,0.015,2.5,2.0,21.47,42.94,3
v2_backtest_atr_adx,FULL,FULL_R0.015_ATR2.5_RR2.5_DL1,155896,42,1399,0.03,-16033.03,-6033.02,-160.33,163.43,-0.1028,-0.981,,0.015,2.5,2.5,28.47,71.16,1
v2_backtest_atr_adx,FULL,FULL_R0.015_ATR2.5_RR2.5_DL2,100659,48,1390,0.05,-10212.11,-212.11,-102.12,102.12,-0.1015,-1.0,,0.015,2.5,2.5,16.51,41.26,2
v2_backtest_atr_adx,FULL,FULL_R0.015_ATR2.5_RR2.5_DL3,95830,25,560,0.03,-9999.95,0.05,-100.0,100.0,-0.1044,-1.0,,0.015,2.5,2.5,22.15,55.37,3
v2_backtest_atr_adx,FULL,FULL_R0.015_ATR2.5_RR3.0_DL1,156225,1,165,0.0,-16657.49,-6657.49,-166.57,170.9,-0.1066,-0.9747,,0.015,2.5,3.0,30.27,90.81,1
v2_backtest_atr_adx,FULL,FULL_R0.015_ATR2.5_RR3.0_DL2,100655,28,1393,0.03,-10435.91,-435.91,-104.36,104.36,-0.1037,-1.0,,0.015,2.5,3.0,16.49,49.48,2
v2_backtest_atr_adx,FULL,FULL_R0.015_ATR2.5_RR3.0_DL3,95903,20,561,0.02,-9999.9,0.1,-100.0,100.0,-0.1043,-1.0,,0.015,2.5,3.0,22.14,66.42,3
v2_backtest_atr_adx,RANGE_ONLY,RANGE_ONLY_R0.01_ATR1.0_RR1.5_DL1,150064,2343,23466,1.56,-121813.33,-111813.33,-1218.13,1218.13,-0.8117,-1.0,,0.01,1.0,1.5,4.4,6.61,1
v2_backtest_atr_adx,RANGE_ONLY,RANGE_ONLY_R0.01_ATR1.0_RR1.5_DL2,51141,713,7034,1.39,-10219.47,-219.46,-102.19,102.19,-0.1998,-1.0,,0.01,1.0,1.5,4.71,7.06,2
v2_backtest_atr_adx,RANGE_ONLY,RANGE_ONLY_R0.01_ATR1.0_RR1.5_DL3,27034,263,2527,0.97,-10055.83,-55.83,-100.56,100.56,-0.372,-1.0,,0.01,1.0,1.5,4.62,6.93,3
v2_backtest_atr_adx,RANGE_ONLY,RANGE_ONLY_R0.01_ATR1.0_RR1.75_DL1,152162,1517,23616,1.0,-128476.11,-118476.11,-1284.76,1284.76,-0.8443,-1.0,,0.01,1.0,1.75,4.43,7.76,1
v2_backtest_atr_adx,RANGE_ONLY,RANGE_ONLY_R0.01_ATR1.0_RR1.75_DL2,51157,481,7034,0.94,-10229.47,-229.47,-102.29,102.29,-0.2,-1.0,,0.01,1.0,1.75,4.7,8.23,2
v2_backtest_atr_adx,RANGE_ONLY,RANGE_ONLY_R0.01_ATR1.0_RR1.75_DL3,27263,190,2590,0.7,-10061.39,-61.39,-100.61,100.61,-0.369,-1.0,,0.01,1.0,1.75,4.62,8.09,3
v2_backtest_atr_adx,RANGE_ONLY,RANGE_ONLY_R0.01_ATR1.0_RR2.0_DL1,153314,1070,23827,0.7,-131670.33,-121670.33,-1316.7,1316.46,-0.8588,-1.0002,,0.01,1.0,2.0,4.43,8.87,1
v2_backtest_atr_adx,RANGE_ONLY,RANGE_ONLY_R0.01_ATR1.0_RR2.0_DL2,51597,351,7138,0.68,-10239.98,-239.98,-102.4,102.4,-0.1985,-1.0,,0.01,1.0,2.0,4.7,9.4,2
v2_backtest_atr_adx,RANGE_ONLY,RANGE_ONLY_R0.01_ATR1.0_RR2.0_DL3,27509,138,2639,0.5,-10067.93,-67.93,-100.68,100.68,-0.366,-1.0,,0.01,1.0,2.0,4.62,9.24,3
v2_backtest_atr_adx,RANGE_ONLY,RANGE_ONLY_R0.01_ATR1.0_RR2.5_DL1,153466,625,24949,0.41,-336558.98,-326558.98,-3365.59,3365.59,-2.1931,-1.0,,0.01,1.0,2.5,4.3,10.77,1
v2_backtest_atr_adx,RANGE_ONLY,RANGE_ONLY_R0.01_ATR1.0_RR2.5_DL2,52219,207,7223,0.4,-10253.93,-253.92,-102.54,102.54,-0.1964,-1.0,,0.01,1.0,2.5,4.69,11.73,2
v2_backtest_atr_adx,RANGE_ONLY,RANGE_ONLY_R0.01_ATR1.0_RR2.5_DL3,27748,76,2670,0.27,-10073.01,-73.01,-100.73,100.73,-0.363,-1.0,,0.01,1.0,2.5,4.62,11.55,3
v2_backtest_atr_adx,RANGE_ONLY,RANGE_ONLY_R0.01_ATR1.0_RR3.0_DL1,153926,367,24599,0.24,-347118.29,-337118.29,-3471.18,3471.18,-2.2551,-1.0,,0.01,1.0,3.0,4.33,12.99,1
v2_backtest_atr_adx,RANGE_ONLY,RANGE_ONLY_R0.01_ATR1.0_RR3.0_DL2,51667,122,7235,0.24,-10260.51,-260.5,-102.61,102.6,-0.1986,-1.0,,0.01,1.0,3.0,4.46,13.39,2
v2_backtest_atr_adx,RANGE_ONLY,RANGE_ONLY_R0.01_ATR1.0_RR3.0_DL3,28456,45,2669,0.16,-10078.04,-78.04,-100.78,100.78,-0.3542,-1.0,,0.01,1.0,3.0,5.1,15.29,3
v2_backtest_atr_adx,RANGE_ONLY,RANGE_ONLY_R0.01_ATR1.25_RR1.5_DL1,148545,2269,22635,1.53,-71729.48,-61729.48,-717.29,717.3,-0.4829,-1.0,,0.01,1.25,1.5,4.44,6.65,1
v2_backtest_atr_adx,RANGE_ONLY,RANGE_ONLY_R0.01_ATR1.25_RR1.5_DL2,53688,562,5667,1.05,-10178.27,-178.27,-101.78,101.78,-0.1896,-1.0,,0.01,1.25,1.5,6.46,9.69,2
v2_backtest_atr_adx,RANGE_ONLY,RANGE_ONLY_R0.01_ATR1.25_RR1.5_DL3,29125,227,2095,0.78,-10041.86,-41.86,-100.42,100.42,-0.3448,-1.0,,0.01,1.25,1.5,5.36,8.04,3
v2_backtest_atr_adx,RANGE_ONLY,RANGE_ONLY_R0.01_ATR1.25_RR1.75_DL1,151623,1348,20942,0.89,-76570.85,-66570.85,-765.71,765.71,-0.505,-1.0,,0.01,1.25,1.75,4.67,8.17,1
v2_backtest_atr_adx,RANGE_ONLY,RANGE_ONLY_R0.01_ATR1.25_RR1.75_DL2,54365,390,5734,0.72,-10190.19,-190.19,-101.9,101.9,-0.1874,-1.0,,0.01,1.25,1.75,6.48,11.35,2
v2_backtest_atr_adx,RANGE_ONLY,RANGE_ONLY_R0.01_ATR1.25_RR1.75_DL3,29668,165,2137,0.56,-10046.08,-46.08,-100.46,100.46,-0.3386,-1.0,,0.01,1.25,1.75,5.45,9.54,3
v2_backtest_atr_adx,RANGE_ONLY,RANGE_ONLY_R0.01_ATR1.25_RR2.0_DL1,153103,1021,22695,0.67,-188862.98,-178862.98,-1888.63,1888.63,-1.2336,-1.0,,0.01,1.25,2.0,4.51,9.03,1
v2_backtest_atr_adx,RANGE_ONLY,RANGE_ONLY_R0.01_ATR1.25_RR2.0_DL2,54784,284,5767,0.52,-10195.42,-195.42,-101.95,101.95,-0.1861,-1.0,,0.01,1.25,2.0,6.47,12.95,2
v2_backtest_atr_adx,RANGE_ONLY,RANGE_ONLY_R0.01_ATR1.25_RR2.0_DL3,29911,121,2197,0.4,-10054.87,-54.87,-100.55,100.55,-0.3362,-1.0,,0.01,1.25,2.0,5.44,10.87,3
v2_backtest_atr_adx,RANGE_ONLY,RANGE_ONLY_R0.01_ATR1.25_RR2.5_DL1,153668,491,21102,0.32,-199290.7,-189290.7,-1992.91,1992.91,-1.2969,-1.0,,0.01,1.25,2.5,4.71,11.79,1
v2_backtest_atr_adx,RANGE_ONLY,RANGE_ONLY_R0.01_ATR1.25_RR2.5_DL2,52902,167,5944,0.32,-10210.04,-210.04,-102.1,102.1,-0.193,-1.0,,0.01,1.25,2.5,5.14,12.86,2
v2_backtest_atr_adx,RANGE_ONLY,RANGE_ONLY_R0.01_ATR1.25_RR2.5_DL3,33623,58,2164,0.17,-10058.21,-58.21,-100.58,100.58,-0.2991,-1.0,,0.01,1.25,2.5,7.72,19.29,3
v2_backtest_atr_adx,RANGE_ONLY,RANGE_ONLY_R0.01_ATR1.25_RR3.0_DL1,153926,293,20694,0.19,-206337.29,-196337.29,-2063.37,2063.37,-1.3405,-1.0,,0.01,1.25,3.0,4.75,14.28,1
v2_backtest_atr_adx,RANGE_ONLY,RANGE_ONLY_R0.01_ATR1.25_RR3.0_DL2,52907,103,5946,0.19,-10214.65,-214.65,-102.15,102.15,-0.1931,-1.0,,0.01,1.25,3.0,5.14,15.43,2
v2_backtest_atr_adx,RANGE_ONLY,RANGE_ONLY_R0.01_ATR1.25_RR3.0_DL3,33638,36,2170,0.11,-10060.75,-60.75,-100.61,100.61,-0.2991,-1.0,,0.01,1.25,3.0,7.71,23.14,3
v2_backtest_atr_adx,RANGE_ONLY,RANGE_ONLY_R0.01_ATR1.5_RR1.5_DL1,146611,1804,18073,1.23,-12803.29,-2803.29,-128.03,128.03,-0.0873,-1.0,,0.01,1.5,1.5,5.09,7.65,1
v2_backtest_atr_adx,RANGE_ONLY,RANGE_ONLY_R0.01_ATR1.5_RR1.5_DL2,57240,459,4604,0.8,-10145.3,-145.3,-101.45,101.45,-0.1772,-1.0,,0.01,1.5,1.5,7.86,11.79,2
v2_backtest_atr_adx,RANGE_ONLY,RANGE_ONLY_R0.01_ATR1.5_RR1.5_DL3,37642,185,1661,0.49,-10028.71,-28.71,-100.29,100.29,-0.2664,-1.0,,0.01,1.5,1.5,9.48,14.23,3
v2_backtest_atr_adx,RANGE_ONLY,RANGE_ONLY_R0.01_ATR1.5_RR1.75_DL1,151049,1188,18840,0.79,-14615.63,-4615.63,-146.16,146.16,-0.0968,-1.0,,0.01,1.5,1.75,5.02,8.79,1
v2_backtest_atr_adx,RANGE_ONLY,RANGE_ONLY_R0.01_ATR1.5_RR1.75_DL2,58183,302,4559,0.52,-10150.39,-150.39,-101.5,101.5,-0.1745,-1.0,,0.01,1.5,1.75,7.97,13.95,2
v2_backtest_atr_adx,RANGE_ONLY,RANGE_ONLY_R0.01_ATR1.5_RR1.75_DL3,37696,134,1674,0.36,-10032.74,-32.74,-100.33,100.33,-0.2661,-1.0,,0.01,1.5,1.75,9.47,16.57,3
v2_backtest_atr_adx,RANGE_ONLY,RANGE_ONLY_R0.01_ATR1.5_RR2.0_DL1,152525,736,16982,0.48,-21142.9,-11142.9,-211.43,211.43,-0.1386,-1.0,,0.01,1.5,2.0,5.4,10.79,1
v2_backtest_atr_adx,RANGE_ONLY,RANGE_ONLY_R0.01_ATR1.5_RR2.0_DL2,56012,242,4686,0.43,-10158.24,-158.24,-101.58,101.58,-0.1814,-1.0,,0.01,1.5,2.0,6.31,12.63,2
v2_backtest_atr_adx,RANGE_ONLY,RANGE_ONLY_R0.01_ATR1.5_RR2.0_DL3,38402,91,1738,0.24,-10037.68,-37.68,-100.38,100.38,-0.2614,-1.0,,0.01,1.5,2.0,9.41,18.82,3
v2_backtest_atr_adx,RANGE_ONLY,RANGE_ONLY_R0.01_ATR1.5_RR2.5_DL1,153807,355,15896,0.23,-122946.13,-112946.13,-1229.46,1229.46,-0.7994,-1.0,,0.01,1.5,2.5,5.35,13.39,1
v2_backtest_atr_adx,RANGE_ONLY,RANGE_ONLY_R0.01_ATR1.5_RR2.5_DL2,57317,139,4720,0.24,-10166.46,-166.45,-101.66,101.66,-0.1774,-1.0,,0.01,1.5,2.5,6.4,15.99,2
v2_backtest_atr_adx,RANGE_ONLY,RANGE_ONLY_R0.01_ATR1.5_RR2.5_DL3,38671,58,1748,0.15,-10041.47,-41.47,-100.41,100.41,-0.2597,-1.0,,0.01,1.5,2.5,9.42,23.55,3
v2_backtest_atr_adx,RANGE_ONLY,RANGE_ONLY_R0.01_ATR1.5_RR3.0_DL1,154087,230,15922,0.15,-124572.36,-114572.36,-1245.72,1245.72,-0.8085,-1.0,,0.01,1.5,3.0,5.35,16.04,1
v2_backtest_atr_adx,RANGE_ONLY,RANGE_ONLY_R0.01_ATR1.5_RR3.0_DL2,57405,88,4726,0.15,-10171.67,-171.67,-101.72,101.72,-0.1772,-1.0,,0.01,1.5,3.0,6.4,19.2,2
v2_backtest_atr_adx,RANGE_ONLY,RANGE_ONLY_R0.01_ATR1.5_RR3.0_DL3,38681,35,1752,0.09,-10043.16,-43.16,-100.43,100.43,-0.2596,-1.0,,0.01,1.5,3.0,9.42,28.27,3
v2_backtest_atr_adx,RANGE_ONLY,RANGE_ONLY_R0.01_ATR1.75_RR1.5_DL1,146669,1575,15947,1.07,-22157.31,-12157.31,-221.57,221.57,-0.1511,-1.0,,0.01,1.75,1.5,5.52,8.28,1
v2_backtest_atr_adx,RANGE_ONLY,RANGE_ONLY_R0.01_ATR1.75_RR1.5_DL2,60490,357,3481,0.59,-10105.2,-105.2,-101.05,101.05,-0.1671,-1.0,,0.01,1.75,1.5,9.19,13.78,2
v2_backtest_atr_adx,RANGE_ONLY,RANGE_ONLY_R0.01_ATR1.75_RR1.5_DL3,43196,146,1239,0.34,-10010.46,-10.46,-100.1,100.1,-0.2317,-1.0,,0.01,1.75,1.5,10.69,16.04,3
v2_backtest_atr_adx,RANGE_ONLY,RANGE_ONLY_R0.01_ATR1.75_RR1.75_DL1,151747,754,12041,0.5,-29692.06,-19692.06,-296.92,296.92,-0.1957,-1.0,,0.01,1.75,1.75,6.21,10.86,1
v2_backtest_atr_adx,RANGE_ONLY,RANGE_ONLY_R0.01_ATR1.75_RR1.75_DL2,59513,249,3505,0.42,-10111.36,-111.35,-101.11,101.11,-0.1699,-1.0,,0.01,1.75,1.75,7.64,13.37,2
v2_backtest_atr_adx,RANGE_ONLY,RANGE_ONLY_R0.01_ATR1.75_RR1.75_DL3,44626,97,1247,0.22,-10016.0,-16.0,-100.16,100.16,-0.2244,-1.0,,0.01,1.75,1.75,10.75,18.82,3
v2_backtest_atr_adx,RANGE_ONLY,RANGE_ONLY_R0.01_ATR1.75_RR2.0_DL1,151971,547,12597,0.36,-26324.87,-16324.87,-263.25,263.25,-0.1732,-1.0,,0.01,1.75,2.0,6.1,12.18,1
v2_backtest_atr_adx,RANGE_ONLY,RANGE_ONLY_R0.01_ATR1.75_RR2.0_DL2,59785,191,3510,0.32,-10116.47,-116.47,-101.16,101.16,-0.1692,-1.0,,0.01,1.75,2.0,7.66,15.33,2
v2_backtest_atr_adx,RANGE_ONLY,RANGE_ONLY_R0.01_ATR1.75_RR2.0_DL3,45253,79,1315,0.17,-10019.7,-19.7,-100.2,100.2,-0.2214,-1.0,,0.01,1.75,2.0,10.78,21.57,3
v2_backtest_atr_adx,RANGE_ONLY,RANGE_ONLY_R0.01_ATR1.75_RR2.5_DL1,152259,309,13154,0.2,-29242.81,-19242.81,-292.43,292.43,-0.1921,-1.0,,0.01,1.75,2.5,5.82,14.54,1
v2_backtest_atr_adx,RANGE_ONLY,RANGE_ONLY_R0.01_ATR1.75_RR2.5_DL2,61317,113,3588,0.18,-10127.43,-127.43,-101.27,101.28,-0.1652,-1.0,,0.01,1.75,2.5,7.69,19.23,2
v2_backtest_atr_adx,RANGE_ONLY,RANGE_ONLY_R0.01_ATR1.75_RR2.5_DL3,46102,48,1327,0.1,-10023.18,-23.18,-100.23,100.23,-0.2174,-1.0,,0.01,1.75,2.5,10.76,26.91,3
v2_backtest_atr_adx,RANGE_ONLY,RANGE_ONLY_R0.01_ATR1.75_RR3.0_DL1,153455,269,16766,0.18,-55063.02,-45063.02,-550.63,550.63,-0.3588,-1.0,,0.01,1.75,3.0,5.61,16.81,1
v2_backtest_atr_adx,RANGE_ONLY,RANGE_ONLY_R0.01_ATR1.75_RR3.0_DL2,62908,71,3592,0.11,-10134.39,-134.39,-101.34,101.34,-0.1611,-1.0,,0.01,1.75,3.0,7.85,23.55,2
v2_backtest_atr_adx,RANGE_ONLY,RANGE_ONLY_R0.01_ATR1.75_RR3.0_DL3,47476,26,1330,0.05,-10027.1,-27.1,-100.27,100.27,-0.2112,-1.0,,0.01,1.75,3.0,10.86,32.6,3
v2_backtest_atr_adx,RANGE_ONLY,RANGE_ONLY_R0.01_ATR2.0_RR1.5_DL1,144729,1659,15988,1.15,-123012.48,-113012.48,-1230.12,1230.13,-0.85,-1.0,,0.01,2.0,1.5,5.81,8.73,1
v2_backtest_atr_adx,RANGE_ONLY,RANGE_ONLY_R0.01_ATR2.0_RR1.5_DL2,66689,270,2632,0.4,-10073.69,-73.69,-100.74,100.74,-0.1511,-1.0,,0.01,2.0,1.5,9.91,14.87,2
v2_backtest_atr_adx,RANGE_ONLY,RANGE_ONLY_R0.01_ATR2.0_RR1.5_DL3,52463,100,868,0.19,-9993.41,6.59,-99.93,99.94,-0.1905,-1.0,,0.01,2.0,1.5,12.81,19.22,3
v2_backtest_atr_adx,RANGE_ONLY,RANGE_ONLY_R0.01_ATR2.0_RR1.75_DL1,147622,1035,16428,0.7,-82893.96,-72893.96,-828.94,828.94,-0.5615,-1.0,,0.01,2.0,1.75,6.06,10.61,1
v2_backtest_atr_adx,RANGE_ONLY,RANGE_ONLY_R0.01_ATR2.0_RR1.75_DL2,67327,196,2689,0.29,-10080.96,-80.96,-100.81,100.81,-0.1497,-1.0,,0.01,2.0,1.75,10.01,17.51,2
v2_backtest_atr_adx,RANGE_ONLY,RANGE_ONLY_R0.01_ATR2.0_RR1.75_DL3,53828,79,942,0.15,-10001.27,-1.27,-100.01,100.01,-0.1858,-1.0,,0.01,2.0,1.75,12.86,22.5,3
v2_backtest_atr_adx,RANGE_ONLY,RANGE_ONLY_R0.01_ATR2.0_RR2.0_DL1,149953,678,15377,0.45,-17814.35,-7814.35,-178.14,178.15,-0.1188,-1.0,,0.01,2.0,2.0,5.97,11.95,1
v2_backtest_atr_adx,RANGE_ONLY,RANGE_ONLY_R0.01_ATR2.0_RR2.0_DL2,67862,146,2694,0.22,-10086.47,-86.47,-100.86,100.87,-0.1486,-1.0,,0.01,2.0,2.0,10.05,20.1,2
v2_backtest_atr_adx,RANGE_ONLY,RANGE_ONLY_R0.01_ATR2.0_RR2.0_DL3,55713,55,935,0.1,-10002.62,-2.62,-100.03,100.03,-0.1795,-1.0,,0.01,2.0,2.0,13.96,27.93,3
v2_backtest_atr_adx,RANGE_ONLY,RANGE_ONLY_R0.01_ATR2.0_RR2.5_DL1,152915,427,17001,0.28,-31369.26,-21369.26,-313.69,313.69,-0.2051,-1.0,,0.01,2.0,2.5,5.94,14.85,1
v2_backtest_atr_adx,RANGE_ONLY,RANGE_ONLY_R0.01_ATR2.0_RR2.5_DL2,71258,80,2701,0.11,-10091.85,-91.85,-100.92,100.92,-0.1416,-1.0,,0.01,2.0,2.5,10.36,25.88,2
v2_backtest_atr_adx,RANGE_ONLY,RANGE_ONLY_R0.01_ATR2.0_RR2.5_DL3,56757,33,943,0.06,-10005.59,-5.59,-100.06,100.06,-0.1763,-1.0,,0.01,2.0,2.5,13.88,34.71,3
v2_backtest_atr_adx,RANGE_ONLY,RANGE_ONLY_R0.01_ATR2.0_RR3.0_DL1,153193,266,16542,0.17,-35953.71,-25953.71,-359.54,359.54,-0.2347,-1.0,,0.01,2.0,3.0,6.01,18.05,1
v2_backtest_atr_adx,RANGE_ONLY,RANGE_ONLY_R0.01_ATR2.0_RR3.0_DL2,72850,53,2704,0.07,-10096.74,-96.74,-100.97,100.97,-0.1386,-1.0,,0.01,2.0,3.0,10.47,31.41,2
v2_backtest_atr_adx,RANGE_ONLY,RANGE_ONLY_R0.01_ATR2.0_RR3.0_DL3,58711,16,944,0.03,-10008.38,-8.38,-100.08,100.08,-0.1705,-1.0,,0.01,2.0,3.0,13.92,41.78,3
v2_backtest_atr_adx,RANGE_ONLY,RANGE_ONLY_R0.01_ATR2.25_RR1.5_DL1,143234,1407,14243,0.98,-98989.47,-88989.47,-989.89,989.9,-0.6911,-1.0,,0.01,2.25,1.5,6.8,10.21,1
v2_backtest_atr_adx,RANGE_ONLY,RANGE_ONLY_R0.01_ATR2.25_RR1.5_DL2,70839,206,1879,0.29,-10042.37,-42.37,-100.42,100.43,-0.1418,-1.0,,0.01,2.25,1.5,11.43,17.15,2
v2_backtest_atr_adx,RANGE_ONLY,RANGE_ONLY_R0.01_ATR2.25_RR1.5_DL3,58320,100,790,0.17,-9986.29,13.71,-99.86,99.87,-0.1712,-1.0,,0.01,2.25,1.5,13.89,20.83,3
v2_backtest_atr_adx,RANGE_ONLY,RANGE_ONLY_R0.01_ATR2.25_RR1.75_DL1,148025,1020,15517,0.69,-11070.21,-1070.21,-110.7,110.7,-0.0748,-1.0,,0.01,2.25,1.75,6.28,10.99,1
v2_backtest_atr_adx,RANGE_ONLY,RANGE_ONLY_R0.01_ATR2.25_RR1.75_DL2,71647,148,1885,0.21,-10046.68,-46.68,-100.47,100.47,-0.1402,-1.0,,0.01,2.25,1.75,11.49,20.11,2
v2_backtest_atr_adx,RANGE_ONLY,RANGE_ONLY_R0.01_ATR2.25_RR1.75_DL3,64462,72,765,0.11,-9986.39,13.61,-99.86,99.87,-0.1549,-1.0,,0.01,2.25,1.75,16.03,28.06,3
v2_backtest_atr_adx,RANGE_ONLY,RANGE_ONLY_R0.01_ATR2.25_RR2.0_DL1,150137,758,16207,0.5,-11606.3,-1606.3,-116.06,116.06,-0.0773,-1.0,,0.01,2.25,2.0,6.27,12.53,1
v2_backtest_atr_adx,RANGE_ONLY,RANGE_ONLY_R0.01_ATR2.25_RR2.0_DL2,73159,102,1890,0.14,-10051.95,-51.95,-100.52,100.52,-0.1374,-1.0,,0.01,2.25,2.0,11.54,23.09,2
v2_backtest_atr_adx,RANGE_ONLY,RANGE_ONLY_R0.01_ATR2.25_RR2.0_DL3,64880,56,771,0.09,-9989.38,10.62,-99.89,99.89,-0.154,-1.0,,0.01,2.25,2.0,15.98,31.97,3
v2_backtest_atr_adx,RANGE_ONLY,RANGE_ONLY_R0.01_ATR2.25_RR2.5_DL1,152557,412,16165,0.27,-16173.62,-6173.62,-161.74,161.74,-0.106,-1.0,,0.01,2.25,2.5,6.35,15.88,1
v2_backtest_atr_adx,RANGE_ONLY,RANGE_ONLY_R0.01_ATR2.25_RR2.5_DL2,77451,61,1895,0.08,-10055.99,-55.99,-100.56,100.56,-0.1298,-1.0,,0.01,2.25,2.5,11.99,29.97,2
v2_backtest_atr_adx,RANGE_ONLY,RANGE_ONLY_R0.01_ATR2.25_RR2.5_DL3,68078,32,774,0.05,-9993.32,6.68,-99.93,99.93,-0.1468,-1.0,,0.01,2.25,2.5,15.92,39.79,3
v2_backtest_atr_adx,RANGE_ONLY,RANGE_ONLY_R0.01_ATR2.25_RR3.0_DL1,152163,247,14632,0.16,-16284.68,-6284.68,-162.85,162.85,-0.107,-1.0,,0.01,2.25,3.0,6.65,19.94,1
v2_backtest_atr_adx,RANGE_ONLY,RANGE_ONLY_R0.01_ATR2.25_RR3.0_DL2,77821,43,1897,0.06,-10059.61,-59.61,-100.6,100.6,-0.1293,-1.0,,0.01,2.25,3.0,12.02,36.07,2
v2_backtest_atr_adx,RANGE_ONLY,RANGE_ONLY_R0.01_ATR2.25_RR3.0_DL3,69106,19,776,0.03,-9996.87,3.13,-99.97,99.97,-0.1447,-1.0,,0.01,2.25,3.0,15.92,47.77,3
v2_backtest_atr_adx,RANGE_ONLY,RANGE_ONLY_R0.01_ATR2.5_RR1.5_DL1,146624,1175,11664,0.8,-39474.02,-29474.02,-394.74,393.27,-0.2692,-1.0037,,0.01,2.5,1.5,8.12,12.18,1
v2_backtest_atr_adx,RANGE_ONLY,RANGE_ONLY_R0.01_ATR2.5_RR1.5_DL2,75529,178,1545,0.24,-10028.16,-28.16,-100.28,100.29,-0.1328,-1.0,,0.01,2.5,1.5,12.66,19.0,2
v2_backtest_atr_adx,RANGE_ONLY,RANGE_ONLY_R0.01_ATR2.5_RR1.5_DL3,62953,86,630,0.14,-9944.09,55.91,-99.44,99.45,-0.158,-0.9999,,0.01,2.5,1.5,15.11,22.66,3
v2_backtest_atr_adx,RANGE_ONLY,RANGE_ONLY_R0.01_ATR2.5_RR1.75_DL1,147518,785,11964,0.53,-12868.38,-2868.38,-128.68,128.68,-0.0872,-1.0,,0.01,2.5,1.75,7.11,12.42,1
v2_backtest_atr_adx,RANGE_ONLY,RANGE_ONLY_R0.01_ATR2.5_RR1.75_DL2,77233,123,1556,0.16,-10032.14,-32.14,-100.32,100.32,-0.1299,-1.0,,0.01,2.5,1.75,12.71,22.24,2
v2_backtest_atr_adx,RANGE_ONLY,RANGE_ONLY_R0.01_ATR2.5_RR1.75_DL3,71408,60,606,0.08,-9945.32,54.68,-99.45,99.48,-0.1393,-0.9998,,0.01,2.5,1.75,20.15,35.27,3
v2_backtest_atr_adx,RANGE_ONLY,RANGE_ONLY_R0.01_ATR2.5_RR2.0_DL1,150739,666,14111,0.44,-11341.11,-1341.11,-113.41,113.41,-0.0752,-1.0,,0.01,2.5,2.0,6.87,13.72,1
v2_backtest_atr_adx,RANGE_ONLY,RANGE_ONLY_R0.01_ATR2.5_RR2.0_DL2,78688,88,1552,0.11,-10034.42,-34.42,-100.34,100.34,-0.1275,-1.0,,0.01,2.5,2.0,13.07,26.15,2
v2_backtest_atr_adx,RANGE_ONLY,RANGE_ONLY_R0.01_ATR2.5_RR2.0_DL3,72440,48,610,0.07,-9952.6,47.4,-99.53,99.53,-0.1374,-1.0,,0.01,2.5,2.0,20.04,40.1,3
v2_backtest_atr_adx,RANGE_ONLY,RANGE_ONLY_R0.01_ATR2.5_RR2.5_DL1,152096,378,14324,0.25,-11226.74,-1226.74,-112.27,112.27,-0.0738,-1.0,,0.01,2.5,2.5,6.95,17.34,1
v2_backtest_atr_adx,RANGE_ONLY,RANGE_ONLY_R0.01_ATR2.5_RR2.5_DL2,82696,53,1564,0.06,-10037.3,-37.3,-100.37,100.37,-0.1214,-1.0,,0.01,2.5,2.5,13.22,33.05,2
v2_backtest_atr_adx,RANGE_ONLY,RANGE_ONLY_R0.01_ATR2.5_RR2.5_DL3,75168,27,613,0.04,-9967.57,32.43,-99.68,99.68,-0.1326,-1.0,,0.01,2.5,2.5,19.97,49.95,3
v2_backtest_atr_adx,RANGE_ONLY,RANGE_ONLY_R0.01_ATR2.5_RR3.0_DL1,152374,244,14741,0.16,-11693.52,-1693.52,-116.94,116.94,-0.0767,-1.0,,0.01,2.5,3.0,6.92,20.73,1
v2_backtest_atr_adx,RANGE_ONLY,RANGE_ONLY_R0.01_ATR2.5_RR3.0_DL2,82695,32,1568,0.04,-10040.28,-40.28,-100.4,100.4,-0.1214,-1.0,,0.01,2.5,3.0,13.2,39.62,2
v2_backtest_atr_adx,RANGE_ONLY,RANGE_ONLY_R0.01_ATR2.5_RR3.0_DL3,75244,21,615,0.03,-9969.38,30.62,-99.69,99.7,-0.1325,-1.0,,0.01,2.5,3.0,19.96,59.9,3
v2_backtest_atr_adx,RANGE_ONLY,RANGE_ONLY_R0.02_ATR1.0_RR1.5_DL1,150064,2343,23466,1.56,-242907.91,-232907.91,-2429.08,2429.08,-1.6187,-1.0,,0.02,1.0,1.5,4.4,6.61,1
v2_backtest_atr_adx,RANGE_ONLY,RANGE_ONLY_R0.02_ATR1.0_RR1.5_DL2,51141,713,7034,1.39,-10815.53,-815.53,-108.16,108.16,-0.2115,-1.0,,0.02,1.0,1.5,4.71,7.06,2
v2_backtest_atr_adx,RANGE_ONLY,RANGE_ONLY_R0.02_ATR1.0_RR1.5_DL3,27034,263,2527,0.97,-10083.61,-83.61,-100.84,100.84,-0.373,-1.0,,0.02,1.0,1.5,4.62,6.93,3
v2_backtest_atr_adx,RANGE_ONLY,RANGE_ONLY_R0.02_ATR1.0_RR1.75_DL1,152162,1517,23616,1.0,-256197.8,-246197.8,-2561.98,2561.98,-1.6837,-1.0,,0.02,1.0,1.75,4.43,7.76,1
v2_backtest_atr_adx,RANGE_ONLY,RANGE_ONLY_R0.02_ATR1.0_RR1.75_DL2,51157,481,7034,0.94,-10882.77,-882.77,-108.83,108.83,-0.2127,-1.0,,0.02,1.0,1.75,4.7,8.23,2
v2_backtest_atr_adx,RANGE_ONLY,RANGE_ONLY_R0.02_ATR1.0_RR1.75_DL3,27263,190,2590,0.7,-10086.62,-86.62,-100.87,100.87,-0.37,-1.0,,0.02,1.0,1.75,4.62,8.09,3
v2_backtest_atr_adx,RANGE_ONLY,RANGE_ONLY_R0.02_ATR1.0_RR2.0_DL1,153314,1070,23827,0.7,-262557.62,-252557.62,-2625.58,2624.55,-1.7125,-1.0004,,0.02,1.0,2.0,4.43,8.87,1
v2_backtest_atr_adx,RANGE_ONLY,RANGE_ONLY_R0.02_ATR1.0_RR2.0_DL2,51597,351,7138,0.68,-11363.52,-1363.52,-113.64,113.64,-0.2202,-1.0,,0.02,1.0,2.0,4.7,9.4,2
v2_backtest_atr_adx,RANGE_ONLY,RANGE_ONLY_R0.02_ATR1.0_RR2.0_DL3,27509,138,2639,0.5,-10625.37,-625.37,-106.25,106.25,-0.3863,-1.0,,0.02,1.0,2.0,4.62,9.24,3
v2_backtest_atr_adx,RANGE_ONLY,RANGE_ONLY_R0.02_ATR1.0_RR2.5_DL1,153466,625,24949,0.41,-672472.88,-662472.88,-6724.73,6724.73,-4.3819,-1.0,,0.02,1.0,2.5,4.3,10.77,1
v2_backtest_atr_adx,RANGE_ONLY,RANGE_ONLY_R0.02_ATR1.0_RR2.5_DL2,52219,207,7223,0.4,-11609.91,-1609.91,-116.1,116.1,-0.2223,-1.0,,0.02,1.0,2.5,4.69,11.73,2
v2_backtest_atr_adx,RANGE_ONLY,RANGE_ONLY_R0.02_ATR1.0_RR2.5_DL3,27748,76,2670,0.27,-10674.0,-674.0,-106.74,106.74,-0.3847,-1.0,,0.02,1.0,2.5,4.62,11.55,3
v2_backtest_atr_adx,RANGE_ONLY,RANGE_ONLY_R0.02_ATR1.0_RR3.0_DL1,153926,367,24599,0.24,-693588.24,-683588.24,-6935.88,6935.88,-4.506,-1.0,,0.02,1.0,3.0,4.33,12.99,1
v2_backtest_atr_adx,RANGE_ONLY,RANGE_ONLY_R0.02_ATR1.0_RR3.0_DL2,51667,122,7235,0.24,-11538.96,-1538.96,-115.39,115.39,-0.2233,-1.0,,0.02,1.0,3.0,4.46,13.39,2
v2_backtest_atr_adx,RANGE_ONLY,RANGE_ONLY_R0.02_ATR1.0_RR3.0_DL3,28456,45,2669,0.16,-10816.87,-816.87,-108.17,108.17,-0.3801,-1.0,,0.02,1.0,3.0,5.1,15.29,3
v2_backtest_atr_adx,RANGE_ONLY,RANGE_ONLY_R0.02_ATR1.25_RR1.5_DL1,148545,2269,22635,1.53,-142733.74,-132733.74,-1427.34,1427.34,-0.9609,-1.0,,0.02,1.25,1.5,4.44,6.65,1
v2_backtest_atr_adx,RANGE_ONLY,RANGE_ONLY_R0.02_ATR1.25_RR1.5_DL2,53688,562,5667,1.05,-10342.42,-342.42,-103.42,103.43,-0.1926,-1.0,,0.02,1.25,1.5,6.46,9.69,2
v2_backtest_atr_adx,RANGE_ONLY,RANGE_ONLY_R0.02_ATR1.25_RR1.5_DL3,29125,227,2095,0.78,-10105.53,-105.53,-101.06,101.06,-0.347,-1.0,,0.02,1.25,1.5,5.36,8.04,3
v2_backtest_atr_adx,RANGE_ONLY,RANGE_ONLY_R0.02_ATR1.25_RR1.75_DL1,151623,1348,20942,0.89,-152423.79,-142423.79,-1524.24,1524.24,-1.0053,-1.0,,0.02,1.25,1.75,4.67,8.17,1
v2_backtest_atr_adx,RANGE_ONLY,RANGE_ONLY_R0.02_ATR1.25_RR1.75_DL2,54365,390,5734,0.72,-10264.2,-264.2,-102.64,102.64,-0.1888,-1.0,,0.02,1.25,1.75,6.48,11.35,2
v2_backtest_atr_adx,RANGE_ONLY,RANGE_ONLY_R0.02_ATR1.25_RR1.75_DL3,29668,165,2137,0.56,-10101.18,-101.17,-101.01,101.01,-0.3405,-1.0,,0.02,1.25,1.75,5.45,9.54,3
v2_backtest_atr_adx,RANGE_ONLY,RANGE_ONLY_R0.02_ATR1.25_RR2.0_DL1,153103,1021,22695,0.67,-377074.27,-367074.27,-3770.74,3770.74,-2.4629,-1.0,,0.02,1.25,2.0,4.51,9.03,1
v2_backtest_atr_adx,RANGE_ONLY,RANGE_ONLY_R0.02_ATR1.25_RR2.0_DL2,54784,284,5767,0.52,-10221.34,-221.34,-102.21,102.21,-0.1866,-1.0,,0.02,1.25,2.0,6.47,12.95,2
v2_backtest_atr_adx,RANGE_ONLY,RANGE_ONLY_R0.02_ATR1.25_RR2.0_DL3,29911,121,2197,0.4,-10810.6,-810.6,-108.11,108.11,-0.3614,-1.0,,0.02,1.25,2.0,5.44,10.87,3
v2_backtest_atr_adx,RANGE_ONLY,RANGE_ONLY_R0.02_ATR1.25_RR2.5_DL1,153668,491,21102,0.32,-397952.61,-387952.61,-3979.53,3979.53,-2.5897,-1.0,,0.02,1.25,2.5,4.71,11.79,1
v2_backtest_atr_adx,RANGE_ONLY,RANGE_ONLY_R0.02_ATR1.25_RR2.5_DL2,52902,167,5944,0.32,-10252.58,-252.58,-102.53,102.53,-0.1938,-1.0,,0.02,1.25,2.5,5.14,12.86,2
v2_backtest_atr_adx,RANGE_ONLY,RANGE_ONLY_R0.02_ATR1.25_RR2.5_DL3,33623,58,2164,0.17,-10872.36,-872.36,-108.72,108.72,-0.3234,-1.0,,0.02,1.25,2.5,7.72,19.29,3
v2_backtest_atr_adx,RANGE_ONLY,RANGE_ONLY_R0.02_ATR1.25_RR3.0_DL1,153926,293,20694,0.19,-412049.63,-402049.63,-4120.5,4120.5,-2.6769,-1.0,,0.02,1.25,3.0,4.75,14.28,1
v2_backtest_atr_adx,RANGE_ONLY,RANGE_ONLY_R0.02_ATR1.25_RR3.0_DL2,52907,103,5946,0.19,-10290.92,-290.92,-102.91,102.91,-0.1945,-1.0,,0.02,1.25,3.0,5.14,15.43,2
v2_backtest_atr_adx,RANGE_ONLY,RANGE_ONLY_R0.02_ATR1.25_RR3.0_DL3,33638,36,2170,0.11,-11060.02,-1060.02,-110.6,110.6,-0.3288,-1.0,,0.02,1.25,3.0,7.71,23.14,3
v2_backtest_atr_adx,RANGE_ONLY,RANGE_ONLY_R0.02_ATR1.5_RR1.5_DL1,146611,1804,18073,1.23,-11317.16,-1317.16,-113.17,113.17,-0.0772,-1.0,,0.02,1.5,1.5,5.09,7.65,1
v2_backtest_atr_adx,RANGE_ONLY,RANGE_ONLY_R0.02_ATR1.5_RR1.5_DL2,57240,459,4604,0.8,-11007.27,-1007.27,-110.07,110.07,-0.1923,-1.0,,0.02,1.5,1.5,7.86,11.79,2
v2_backtest_atr_adx,RANGE_ONLY,RANGE_ONLY_R0.02_ATR1.5_RR1.5_DL3,37642,185,1661,0.49,-10112.22,-112.22,-101.12,101.12,-0.2686,-1.0,,0.02,1.5,1.5,9.48,14.23,3
v2_backtest_atr_adx,RANGE_ONLY,RANGE_ONLY_R0.02_ATR1.5_RR1.75_DL1,151049,1188,18840,0.79,-10831.44,-831.44,-108.31,108.31,-0.0717,-1.0,,0.02,1.5,1.75,5.02,8.79,1
v2_backtest_atr_adx,RANGE_ONLY,RANGE_ONLY_R0.02_ATR1.5_RR1.75_DL2,58183,302,4559,0.52,-10984.39,-984.39,-109.84,109.84,-0.1888,-1.0,,0.02,1.5,1.75,7.97,13.95,2
v2_backtest_atr_adx,RANGE_ONLY,RANGE_ONLY_R0.02_ATR1.5_RR1.75_DL3,37696,134,1674,0.36,-10123.27,-123.27,-101.23,101.23,-0.2686,-1.0,,0.02,1.5,1.75,9.47,16.57,3
v2_backtest_atr_adx,RANGE_ONLY,RANGE_ONLY_R0.02_ATR1.5_RR2.0_DL1,152525,736,16982,0.48,-10911.18,-911.18,-109.11,109.11,-0.0715,-1.0,,0.02,1.5,2.0,5.4,10.79,1
v2_backtest_atr_adx,RANGE_ONLY,RANGE_ONLY_R0.02_ATR1.5_RR2.0_DL2,56012,242,4686,0.43,-11171.27,-1171.27,-111.71,111.71,-0.1994,-1.0,,0.02,1.5,2.0,6.31,12.63,2
v2_backtest_atr_adx,RANGE_ONLY,RANGE_ONLY_R0.02_ATR1.5_RR2.0_DL3,38402,91,1738,0.24,-11436.27,-1436.27,-114.36,114.36,-0.2978,-1.0,,0.02,1.5,2.0,9.41,18.82,3
v2_backtest_atr_adx,RANGE_ONLY,RANGE_ONLY_R0.02_ATR1.5_RR2.5_DL1,153807,355,15896,0.23,-245260.26,-235260.26,-2452.6,2456.33,-1.5946,-0.9985,,0.02,1.5,2.5,5.35,13.39,1
v2_backtest_atr_adx,RANGE_ONLY,RANGE_ONLY_R0.02_ATR1.5_RR2.5_DL2,57317,139,4720,0.24,-11248.84,-1248.84,-112.49,112.49,-0.1963,-1.0,,0.02,1.5,2.5,6.4,15.99,2
v2_backtest_atr_adx,RANGE_ONLY,RANGE_ONLY_R0.02_ATR1.5_RR2.5_DL3,38671,58,1748,0.15,-11527.18,-1527.18,-115.27,115.27,-0.2981,-1.0,,0.02,1.5,2.5,9.42,23.55,3
v2_backtest_atr_adx,RANGE_ONLY,RANGE_ONLY_R0.02_ATR1.5_RR3.0_DL1,154087,230,15922,0.15,-248502.29,-238502.29,-2485.02,2490.65,-1.6127,-0.9977,,0.02,1.5,3.0,5.35,16.04,1
v2_backtest_atr_adx,RANGE_ONLY,RANGE_ONLY_R0.02_ATR1.5_RR3.0_DL2,57405,88,4726,0.15,-11488.8,-1488.8,-114.89,114.89,-0.2001,-1.0,,0.02,1.5,3.0,6.4,19.2,2
v2_backtest_atr_adx,RANGE_ONLY,RANGE_ONLY_R0.02_ATR1.5_RR3.0_DL3,38681,35,1752,0.09,-11846.06,-1846.06,-118.46,118.46,-0.3063,-1.0,,0.02,1.5,3.0,9.42,28.27,3
